reading_id,consumption
1030,0.96
139,1.324
1472,0.958
1774,
3317,3.576
2989,0.976
314,9.11
195,2.52
1770,2.282
1695,0.888
923,0.998
380,
3201,0.588
2732,1.056
2208,1.042
2246,1.006
900,0.948
864,0.932
3177,1.076
1477,0.996
847,1.896
3512,1.08
2859,1.858
1048,0.886
1427,4.832
41,1.052
215,8.014
2955,
966,1.178
1341,0.888
1922,0.884
2318,6.184
1643,11.166
2513,0.966
1539,19.512
2496,4.094
1411,1.83
428,0.986
83,
2257,0.966
1012,1.02
85,16.92
2094,0.928
2840,3.052
2103,0.98
3050,0.9
1113,6.66
3163,0.936
310,9.112
1351,0.924
1176,1.836
496,0.926
1096,3.9
93,3.336
2055,1.886
835,0.95
818,0.95
2935,0.912
732,0.906
3239,3.856
634,0.908
2812,4.914
2311,2.36
3399,0.888
2516,2.064
1494,6.008
2876,4.662
3476,0.916
3593,0.94
875,0.99
3423,1.096
2612,0.99
1073,3.686
1702,0.946
1075,6.758
1689,0.936
2950,6.12
2710,4.058
1504,1.02
2705,0.892
2577,0.936
1051,9.384
892,0.904
842,1.01
1274,4.908
368,
2538,1.052
2714,0.912
2774,1.856
2253,1.954
1979,1.044
977,0.984
421,8.632
1815,2.664
665,0.964
893,0.964
737,2.038
1314,0.97
873,1.868
3527,0.94
1565,1.3
2377,1.01
583,8.204
211,2.11
3195,0.96
1077,6.636
3202,5.832
1522,3.83
3460,1.012
231,7.636
819,0.94
613,
2904,0.974
3499,0.94
1540,0.95
117,0.954
651,4.24
3505,0.92
1227,3.474
474,0.948
1482,0.966
2366,1.06
1659,5.24
1397,6.46
3348,5.28
2493,3.558
1129,2.302
1262,2.326
243,14.78
1720,1.012
2296,0.976
3301,1.088
1028,0.99
1977,0.98
1994,0.888
990,0.962
1387,0.888
1920,0.952
1224,5.128
2772,3.08
203,2.224
629,0.982
3240,0.9
1777,3.206
1253,8.702
2160,0.998
3389,4.152
1544,5.172
3449,0.936
2958,7.352
1367,6.614
365,17.26
311,
1311,
2120,0.9
1788,0.872
2500,5.4
1486,5.874
1961,0.914
1399,3.044
672,0.964
124,12.324
2560,1.044
469,0.912
2815,3.522
146,8.18
3337,0.92
914,0.926
2482,3.498
1441,0.902
1088,7.826
3269,6.148
1287,14.232
25,0.924
167,1.186
1904,0.898
2288,0.96
386,5.678
2299,0.95
2771,1.056
1031,18.872
558,0.922
3013,3.752
1195,4.236
2502,0.992
3503,1.12
1237,2.202
1172,2.314
3186,0.872
455,1.008
540,0.916
644,4.638
3170,3.244
1047,1.99
2128,0.92
1382,9.066
561,1.074
1179,2.136
3582,0.964
2601,
2245,0.984
861,0.876
2093,0.932
2139,1.084
856,0.914
1044,0.986
1836,5.354
1995,0.976
3274,0.888
1879,0.982
1020,0.874
2589,0.904
690,0.92
2883,3.812
1870,0.954
2875,2.132
415,8.934
1246,2.004
3561,0.968
1931,0.928
113,5.738
681,4.496
1436,0.938
3318,1.056
3304,1.088
2564,0.984
2176,2.092
1415,0.954
2289,0.97
1877,0.914
1170,13.092
2887,2.352
2331,2.1
2497,0.928
3517,1.024
915,0.98
1434,0.958
1850,5.494
2376,5.056
2324,0.93
843,0.962
2784,5.234
1524,11.112
2765,2.058
1693,0.944
3006,6.196
2095,1.008
1081,8.802
2593,0.952
1927,0.904
2703,4.444
2452,2.59
1346,0.944
2307,0.976
974,1.044
1820,0.916
136,1.564
1844,0.964
1470,6.42
2712,0.938
1705,0.948
2596,0.996
2102,
2807,6.326
3063,0.868
299,0.904
3345,1.016
2590,0.942
1686,0.894
1823,4.498
1089,7.752
1636,0.948
711,9.172
675,7.908
2599,0.968
2145,1.012
3248,0.964
2602,0.962
1460,0.918
2524,5.338
2838,1.22
2749,2.004
399,8.484
2988,4.732
50,0.93
3442,6.068
1330,0.874
2107,1.032
1878,0.996
1225,5.924
3497,0.868
808,0.956
1808,1.368
2477,0.98
3034,0.912
1719,0.992
1832,5.24
2563,3.316
1190,
2690,7.21
2794,2.252
3382,4.676
1556,0.94
2127,1.012
1315,1.9
2603,
302,6.898
850,0.972
1598,3.016
3036,1.012
2930,5.968
2567,0.992
3153,2.132
1729,0.908
3292,0.988
317,9.256
993,0.952
460,1.028
1033,0.966
2573,0.898
997,0.98
918,
2118,0.972
709,1.044
825,0.944
698,0.98
1055,7.238
1082,3.5
1424,7.724
1848,0.948
2910,0.0
3299,0.908
3473,0.94
2301,0.974
553,0.944
2832,1.408
29,0.942
3284,0.968
2553,4.818
2535,3.688
3315,5.784
2487,5.968
909,0.918
1320,0.874
815,1.052
3596,0.952
2019,1.056
1339,0.928
2030,0.974
3606,0.976
2879,4.42
1039,3.922
61,0.896
3254,0.88
349,7.124
2928,1.66
374,6.348
3026,1.124
1442,0.912
726,9.226
96,4.652
2620,1.016
627,7.82
1771,2.356
1998,1.006
715,2.03
494,0.996
1687,3.888
852,0.948
1079,2.558
2805,4.904
3425,0.972
1369,
600,0.936
3580,0.964
3366,0.876
1786,8.14
1983,1.084
1213,6.432
937,0.964
1171,6.624
1991,0.932
2056,1.886
373,8.78
1380,6.056
2211,0.962
2449,5.968
3192,4.34
1584,7.622
2800,1.578
3500,
1500,0.94
2021,1.04
2328,1.026
1004,0.996
394,6.258
3117,7.424
512,0.956
2291,0.884
566,0.912
2097,0.956
1806,0.9
336,0.944
1655,4.952
2256,0.96
3565,1.02
219,1.854
2015,0.952
658,8.616
1267,6.67
1226,4.664
3535,0.928
2312,0.878
3176,5.324
1232,2.038
3225,0.98
3546,0.94
246,9.046
1376,8.226
1900,1.052
1563,0.908
2491,6.894
58,1.098
2350,
2530,7.0
2098,1.74
2332,1.476
315,6.874
3568,0.876
1252,2.796
3022,0.972
717,0.94
2900,0.94
465,0.94
367,8.204
2190,0.93
81,5.314
3461,1.936
3555,0.972
1785,0.96
1094,2.462
2361,2.814
2944,0.89
2242,0.96
1647,8.074
2142,0.93
933,0.898
1855,4.124
2951,4.376
103,9.862
3108,0.936
3020,1.072
887,1.956
2613,
1056,3.448
142,6.522
1619,0.844
95,4.934
3572,1.028
2940,5.114
2837,3.882
3096,0.928
1362,7.232
2406,1.956
1161,2.504
1684,0.97
3219,4.324
516,0.97
2691,1.828
2752,4.908
1018,1.052
2401,0.968
1594,7.418
2792,0.916
472,0.956
845,0.938
3385,1.848
359,
2547,1.022
2304,0.856
3374,4.852
1070,6.236
3454,0.932
860,0.928
1588,2.992
448,
165,1.332
3126,6.212
3039,0.976
1251,3.286
1997,1.006
3052,1.024
351,8.972
438,0.968
2106,0.984
2462,6.468
1286,2.202
645,8.776
2154,0.954
1289,1.034
3429,0.964
899,1.774
3002,1.068
3402,0.94
520,8.794
408,6.34
2819,1.964
722,0.914
3071,0.948
14,0.964
1576,4.48
3452,2.0
3591,0.956
714,
3118,0.9
3193,1.112
839,0.882
2381,0.964
1610,1.068
284,8.554
2085,0.928
3297,1.04
2576,1.898
729,1.0
1019,0.99
522,8.102
529,0.92
1711,1.968
585,1.886
2272,0.964
872,0.936
1403,0.918
2185,
2521,0.97
309,7.886
1503,8.86
1663,10.914
2105,0.984
3331,0.9
383,0.924
1221,2.22
3017,1.044
2503,4.962
3278,
2391,0.962
362,0.932
1750,
3558,0.92
2279,0.992
2863,3.866
2047,1.538
2574,0.956
3210,0.908
3043,0.856
1349,0.918
360,20.82
1533,1.03
1049,0.934
2526,6.03
2134,0.94
1519,6.892
3044,0.948
810,1.016
3422,
1510,0.986
2505,0.944
2300,0.868
2795,1.028
499,0.97
2622,1.082
2764,3.604
1574,0.898
1209,1.994
2890,4.556
2374,4.578
127,
3214,3.644
519,0.948
3094,5.408
114,8.618
3129,1.7
941,0.942
2802,1.584
511,9.164
1375,4.388
3095,
1804,5.622
1374,5.918
1276,4.4
2044,0.976
1370,1.048
1866,0.888
1342,0.894
490,18.39
3251,2.884
1955,0.902
736,0.99
2129,1.004
387,6.534
3282,3.94
1210,6.668
2878,2.676
3333,3.088
609,0.9
3091,0.94
1919,1.024
2197,0.944
3194,1.904
452,0.896
2478,5.376
437,0.968
1080,10.176
2270,0.952
2066,0.936
348,0.904
98,
285,0.88
3147,2.824
1526,8.626
1862,1.126
1283,3.66
507,0.988
678,0.932
1856,4.582
3353,0.984
2280,1.1
2403,0.904
2172,0.914
3557,1.028
3141,0.936
2625,0.99
3322,0.932
3009,5.532
2798,1.94
942,1.064
189,3.516
3276,3.824
2715,2.318
1124,3.376
2870,3.612
1022,0.948
3316,3.688
56,0.964
3492,
2485,6.116
1312,0.996
2100,0.916
2229,0.972
1231,3.194
2894,1.02
1714,2.53
2479,1.88
1461,0.896
2972,1.848
324,8.976
580,0.904
3352,0.904
2077,0.958
1336,0.9
2434,1.02
390,9.064
3142,0.96
880,0.938
425,7.964
630,6.368
1054,7.352
811,0.916
1963,0.956
2329,1.768
1208,4.804
2402,1.016
2182,1.008
97,3.086
281,8.054
2433,2.038
1487,0.98
3424,0.948
2546,5.276
2450,2.888
706,0.9
1768,
1837,2.082
280,7.338
412,7.132
1400,8.25
67,3.688
1412,5.62
396,5.838
1945,0.918
63,1.05
1864,0.994
2986,5.312
1661,0.968
2461,0.996
2982,2.86
3583,0.948
2166,
1523,8.022
2263,1.034
595,1.864
338,0.884
3082,1.072
1818,3.008
2386,1.016
1743,0.908
3023,0.888
2455,1.06
979,1.088
1624,2.4
913,0.938
2474,0.96
2753,2.522
2388,1.964
1344,0.916
3428,0.996
945,1.882
267,11.89
1696,
1585,7.562
3508,0.932
2554,0.9
249,0.926
1873,0.936
2302,1.05
696,8.844
982,0.934
450,0.992
1880,0.916
457,1.014
2882,1.796
535,0.984
573,0.91
3206,2.436
1972,2.044
391,8.716
2018,0.994
1228,2.478
1040,0.974
2788,1.772
3421,0.908
1479,8.136
920,1.83
3495,0.94
2920,0.966
1455,9.544
1313,0.962
261,3.562
1072,7.728
366,6.04
417,7.174
1446,5.356
2498,0.952
482,1.868
1388,16.806
2552,6.204
2183,2.684
1966,0.934
2392,0.946
73,9.778
2067,0.946
1558,1.006
3137,1.012
1478,0.938
576,6.636
18,1.02
1578,4.088
2495,0.972
3538,0.872
830,0.992
3203,0.968
3167,0.924
846,0.96
238,0.914
1704,1.876
1158,2.216
1934,0.934
220,5.822
2555,0.974
1829,0.896
423,0.988
2240,1.044
2528,0.9
1713,0.948
3122,2.792
1106,3.758
671,5.242
1155,4.21
636,6.38
180,0.924
2874,0.898
1930,0.956
2776,4.068
27,
625,0.88
1475,9.212
147,4.638
1778,0.94
1335,0.916
713,0.984
827,0.964
445,0.914
837,
3134,3.584
855,0.992
2471,6.57
2123,1.266
2911,6.328
2490,5.694
3267,1.056
2400,1.07
863,0.96
2845,0.944
2966,1.076
2071,1.008
1980,0.95
921,0.932
2925,4.118
1597,2.02
1,1.01
1776,
2475,8.056
911,0.986
2413,1.004
1511,11.694
1021,1.016
3504,0.924
1773,0.982
2948,6.044
34,0.9
903,0.95
2395,0.956
2833,1.868
258,0.912
1499,0.956
1016,1.014
1449,9.2
1323,0.908
2481,5.382
3338,4.32
2492,0.932
2813,1.92
106,2.366
186,2.208
70,5.948
3409,6.052
1579,8.584
3569,0.888
3288,1.076
3003,0.96
3030,1.004
225,2.11
1733,0.92
1459,8.89
2283,0.95
2532,5.178
1580,3.86
3381,0.972
1796,0.932
1426,0.908
1151,8.598
3571,1.016
2619,0.964
405,7.17
631,8.29
51,1.962
3155,2.156
3184,
1725,0.908
3484,1.256
1305,0.928
1373,0.916
3334,0.9
2002,0.946
533,0.964
1343,0.936
1119,5.39
1918,1.018
3171,0.928
3143,0.96
104,0.908
2325,8.722
1294,0.95
1854,2.834
3441,0.94
2090,0.968
2873,
2702,4.994
1617,0.938
688,0.916
2707,2.088
3320,0.944
3351,0.996
1882,0.888
3187,3.436
2322,0.892
75,5.754
3524,1.06
143,1.368
3362,1.024
3183,9.356
733,0.978
1509,0.968
1136,5.18
1293,0.982
2115,0.928
334,
2464,7.136
2738,7.878
191,1.788
3308,1.984
1681,1.152
492,1.016
305,1.022
608,7.194
2234,0.952
1105,6.606
252,6.73
1310,0.934
137,1.536
594,0.94
431,0.898
2851,1.812
2026,0.926
335,8.516
905,1.85
2354,1.038
987,0.984
1736,4.508
410,1.91
1691,0.914
930,0.9
2232,0.994
3357,1.048
2081,0.892
3523,0.92
233,0.88
1759,1.086
1041,2.034
680,7.444
1239,5.108
874,0.962
3418,1.196
3168,4.372
956,1.02
2465,0.918
663,6.04
3128,0.932
3215,1.06
734,0.876
132,8.698
293,1.014
3069,2.956
1944,0.902
2441,2.54
1220,2.118
3217,2.96
2162,0.992
1604,2.128
3601,0.908
3150,6.02
2236,0.954
2534,1.184
1708,1.834
3605,1.064
1358,6.486
2835,1.79
1007,1.078
628,4.186
2592,0.95
498,0.964
1093,9.564
2905,0.896
3323,0.944
2981,0.888
221,8.33
2706,4.34
1193,2.948
176,5.89
1229,4.632
2591,0.902
1243,2.808
1071,2.744
976,1.046
1964,0.982
2223,1.028
1874,0.902
1567,0.888
2213,1.014
906,1.162
1443,9.186
3363,5.056
1887,0.93
2568,0.924
3189,4.964
2959,5.076
369,9.14
1087,7.282
2892,2.098
1757,3.78
2595,1.014
1444,0.998
1895,0.924
1667,3.034
2133,0.996
419,9.192
2550,1.864
1353,2.864
3016,0.964
1634,6.686
2961,0.976
865,0.94
2861,1.716
2488,3.788
1518,9.624
296,6.07
3223,1.056
3165,1.868
2420,0.954
479,
1025,
1730,0.982
3172,6.368
5,0.916
1745,3.02
1767,27.284
1644,0.938
870,0.962
1799,0.968
541,1.882
12,1.85
2515,4.808
413,1.028
3566,1.972
1103,3.658
464,0.96
3387,0.884
260,8.992
1101,
2089,0.968
3012,0.948
2411,1.084
2238,0.948
153,3.01
1135,2.75
354,7.168
3173,7.16
493,0.962
3411,0.888
3463,1.008
968,1.016
1261,5.258
2856,4.626
2689,7.21
1742,1.902
1561,1.098
2224,1.008
2720,0.956
2013,0.904
1168,3.612
1480,8.382
1827,0.916
3160,1.88
2247,0.996
1834,0.966
3445,0.992
1851,2.33
2775,2.156
2693,1.11
2548,0.924
1812,0.914
581,0.962
504,0.894
1589,3.41
1042,1.96
509,0.936
3356,0.932
1181,1.04
3392,0.912
2542,5.906
3547,1.064
1506,6.71
3250,6.404
1781,0.992
2072,0.93
1690,0.848
2200,1.004
1910,0.908
985,0.98
3027,1.172
500,0.952
3397,0.92
2998,0.984
559,0.87
910,1.78
2570,0.844
3029,0.992
3518,1.112
3127,0.94
46,0.978
1741,0.994
1632,1.594
2973,0.876
2204,1.06
871,
1680,1.002
250,7.156
2219,
206,0.904
2721,3.504
407,7.052
1419,8.532
3600,0.904
1395,1.88
3296,0.944
1572,13.906
1173,1.832
291,19.178
2203,1.054
3478,2.012
2241,9.422
2572,0.9
809,0.912
2421,1.012
2841,1.088
2607,1.074
3235,0.952
283,0.976
99,11.704
1355,10.256
3079,0.912
1242,6.9
1396,5.912
584,7.734
1204,1.548
2275,1.014
1254,6.542
2321,0.936
20,0.904
3482,1.008
2316,0.986
395,8.118
588,3.81
1672,2.964
1889,1.828
2062,0.902
1993,1.012
214,2.428
3447,0.928
3241,5.5
1011,1.884
3464,1.044
582,0.992
2855,0.876
3103,0.916
441,0.912
536,8.854
626,0.966
242,8.144
884,0.884
2566,1.004
2194,0.912
2507,5.096
416,
2783,6.386
2963,1.708
3552,0.948
1259,1.94
3106,0.872
125,6.144
2881,1.014
2169,
840,0.978
1338,0.95
1272,3.936
3541,0.924
1485,5.614
2889,5.266
908,0.994
2768,1.856
1067,2.276
2000,0.946
325,6.798
227,1.008
1435,0.906
853,0.892
3271,1.0
3130,1.068
2216,0.908
916,0.998
48,0.92
2009,0.936
1641,0.908
970,0.906
1784,0.9
620,
2762,5.246
3599,0.968
3312,0.888
2059,0.932
88,4.718
2541,0.978
2610,1.038
590,0.976
549,0.958
100,6.18
1428,0.974
2472,4.694
3246,6.512
483,0.894
2119,0.976
414,0.96
3515,0.956
574,0.906
1278,6.032
2842,1.088
1894,0.882
917,1.01
838,0.938
735,0.892
1469,0.96
2277,
637,8.34
1264,5.144
1263,3.704
402,5.63
197,0.994
1463,9.408
826,0.88
2012,0.98
337,7.516
2069,0.916
1440,4.784
1068,10.618
1677,1.0
171,0.908
1897,0.984
877,0.922
1527,0.94
430,1.002
2053,0.902
10,0.928
223,0.95
1766,0.942
1282,6.092
1144,2.158
1613,0.912
3486,1.836
3060,0.948
1529,
53,0.976
3259,0.932
1241,3.062
278,0.91
3298,2.208
876,2.906
201,0.9
2136,0.984
2844,2.104
2494,1.008
955,1.852
579,1.116
565,0.944
426,0.974
2362,1.6
526,0.9
2212,1.02
3526,0.932
962,0.948
859,0.948
3313,0.98
1946,0.968
2995,0.956
2609,0.986
24,0.976
707,0.966
1960,0.93
2004,0.902
1809,12.644
1516,6.568
2389,1.006
1603,6.738
2782,6.386
1990,1.082
3087,0.956
2791,4.796
2353,0.974
15,0.906
487,1.062
2237,1.012
174,7.056
363,9.496
2437,1.046
462,1.952
3005,0.892
1628,10.63
2138,0.884
1410,0.916
2451,4.426
593,0.956
2551,6.868
1291,0.93
2453,1.012
2865,2.012
2817,1.92
1301,0.908
3510,1.14
3303,4.976
3273,0.696
2075,0.978
2024,0.924
353,8.424
121,3.844
1847,1.868
687,1.012
1633,5.754
3479,0.928
1445,1.906
3099,3.972
1431,8.384
3314,0.988
3420,0.912
294,0.936
2583,0.916
1738,
3585,1.028
604,
1570,13.488
1201,6.788
2604,1.1
1569,7.084
3220,0.984
3393,0.968
551,7.48
2588,1.036
2101,0.878
2173,0.998
3444,1.064
2519,0.924
3076,0.9
2159,0.972
1822,0.91
897,0.938
3340,0.98
1332,0.944
3289,2.988
1154,3.362
2600,1.05
936,0.936
3075,0.872
207,2.31
2278,
2999,14.976
697,1.032
3339,0.924
2518,0.962
3081,0.892
2390,2.122
2626,0.932
523,0.922
2337,0.972
1698,0.946
2429,0.928
2699,0.96
3218,0.988
1098,8.098
959,2.022
1642,4.12
2522,4.074
3054,0.984
461,0.92
1104,8.654
2414,0.964
2382,1.07
2010,0.964
1682,1.008
2614,0.898
1352,16.572
2298,1.04
2915,3.042
1813,0.93
3116,1.384
3041,0.948
3485,0.872
862,0.93
2739,4.694
2885,1.008
2036,0.982
1023,0.99
1618,0.974
2976,0.92
2335,2.362
660,5.57
3199,2.948
3238,3.856
2480,6.296
1026,2.082
2087,0.946
1361,9.616
3367,0.94
2993,5.9
94,0.948
596,8.392
129,9.792
1248,4.472
2713,4.872
1187,2.576
1357,0.84
2936,5.072
3391,0.972
1036,0.92
2174,0.96
2407,0.932
481,1.116
2028,0.964
963,0.982
3406,1.044
256,0.882
1824,8.12
3584,1.036
237,8.282
1653,0.98
3113,0.972
2060,0.992
931,0.928
1616,3.14
587,0.974
919,0.972
1160,4.228
1240,4.77
1888,0.944
2992,0.976
996,0.892
3286,0.888
2754,1.926
3148,2.968
2432,1.138
2893,1.76
1830,0.914
3588,0.992
2539,1.986
2529,1.0
3180,0.924
2252,1.034
3413,1.064
2964,1.016
3162,0.996
3359,0.956
3400,0.944
1670,4.196
449,1.022
2731,3.876
181,3.894
2836,0.902
991,0.92
1099,7.924
1430,
3101,4.844
2113,0.966
447,1.022
3329,
2616,0.992
2297,
1053,10.592
2334,5.568
575,8.68
271,0.942
1779,0.904
1798,6.68
432,0.932
1881,0.938
657,7.02
902,1.862
904,0.964
3410,0.916
2849,0.928
639,8.472
1378,7.884
1456,9.404
2191,5.38
611,0.926
1107,3.35
2005,0.952
2230,
2096,0.904
1917,0.91
11,0.994
938,0.99
2286,0.938
1322,0.95
1843,
1118,9.5
3477,2.088
3227,0.944
2746,4.052
3073,0.912
446,0.992
2333,0.926
546,1.062
1233,7.428
1328,0.94
3358,4.84
1905,0.92
618,8.692
2457,4.006
392,0.934
926,0.914
2536,2.002
1943,0.928
841,0.92
1454,0.9
1334,0.926
1986,0.96
3011,0.928
1769,3.078
1222,4.706
949,1.044
1502,6.656
1548,0.9
443,0.898
1211,2.248
400,0.986
3446,0.98
518,0.944
1218,0.9
486,1.77
241,18.236
254,8.552
47,0.922
1620,2.278
2785,
2165,0.924
2202,1.044
1366,0.89
2250,1.07
610,0.972
1005,1.956
2527,0.962
2273,0.984
1811,6.888
2828,1.93
879,0.924
2121,1.9
1303,0.938
2902,1.112
1108,7.7
2039,
3257,0.9
2926,3.446
3521,1.036
957,0.958
1581,4.158
340,8.388
2201,0.992
235,7.128
1747,2.874
155,6.68
480,0.96
1317,0.992
2188,1.008
40,1.052
878,1.028
76,4.9
2080,1.012
2627,0.97
3145,3.692
2967,3.068
282,1.0
1552,0.956
3554,1.152
1321,0.954
248,7.898
1111,3.696
2725,5.736
1515,
2918,0.864
1116,3.002
1097,
1359,0.976
3033,0.936
330,4.242
307,0.926
1029,0.924
1186,
3277,0.876
2460,0.888
2809,3.424
1652,0.932
2436,1.904
397,8.008
476,0.94
1249,7.994
247,9.046
718,8.248
3021,1.92
2968,3.84
562,1.014
381,1.99
1062,3.486
1162,
1664,0.988
1391,
1326,0.854
1256,4.514
3330,
2872,1.848
3272,0.992
1947,1.008
2608,1.036
77,4.534
1191,3.292
567,0.912
2042,0.892
2184,1.012
1842,3.966
2533,1.018
2692,1.74
2058,0.948
184,7.206
3443,0.96
1121,2.098
659,9.268
478,0.996
1795,4.048
2179,0.976
3032,1.012
1538,5.612
2822,3.832
1797,0.922
3470,1.004
578,0.932
3349,1.056
2046,0.896
2144,0.96
741,1.036
2125,1.02
922,1.812
152,4.216
1407,0.886
927,1.12
1368,5.566
1066,13.396
1092,2.56
2447,9.112
377,1.816
3037,0.956
704,9.172
2623,1.028
2352,5.824
3530,
1678,0.98
361,9.312
1074,6.688
3417,1.0
3513,0.992
2559,15.416
572,
3070,1.032
2912,4.076
199,2.194
1298,0.918
2543,1.014
1860,0.928
745,0.972
2294,0.916
473,1.988
65,0.872
2251,1.056
1331,0.94
538,0.952
133,
2917,2.232
1727,0.924
3307,0.94
2131,1.032
3204,0.996
602,1.056
2869,1.088
1178,
1973,0.984
3097,2.304
1553,1.122
2290,0.954
370,0.944
3516,1.008
3065,1.02
287,0.884
1134,2.042
292,0.976
4,0.928
2831,0.936
2032,1.066
667,5.984
1405,5.504
1550,0.928
286,0.922
2829,0.908
3230,8.2
1606,1.664
1528,4.468
2932,1.046
1448,7.744
52,0.936
1911,0.94
2857,2.0
1956,1.122
1234,2.128
3213,1.04
615,0.946
2709,
276,8.886
2114,0.888
218,4.364
217,2.094
3431,0.884
3498,0.948
1560,1.044
3432,0.948
812,0.948
1133,3.776
3506,0.904
244,0.952
2824,5.474
1547,1.85
833,0.988
1354,5.694
1674,6.274
2146,1.014
2914,7.314
3156,0.968
3386,1.056
3388,1.036
531,0.95
655,0.932
1052,3.298
2818,6.404
2215,5.21
2068,0.954
128,3.54
1543,1.02
144,1.688
2888,4.15
1546,0.936
1807,4.268
3466,0.912
544,9.758
90,27.108
1746,3.976
384,6.11
2368,6.166
442,0.86
2295,0.944
2356,3.226
586,0.924
3311,1.02
2339,0.884
3542,0.936
2884,0.918
3042,0.928
263,6.158
3496,1.032
2952,5.418
2946,
1401,7.21
2854,0.096
2033,0.962
684,1.13
1789,0.928
506,2.086
2763,3.352
3433,3.608
1164,6.908
120,5.3
924,2.022
1462,6.126
746,0.924
1165,1.926
266,9.316
2880,1.99
3018,3.066
352,
382,0.908
3553,0.848
2258,0.948
2701,2.516
306,0.896
224,3.496
1555,0.9
2558,5.92
614,0.956
318,7.254
868,0.948
290,9.75
1602,4.248
670,0.94
2868,0.926
2249,0.992
1916,1.656
2456,6.512
2269,
2110,0.948
2734,4.48
1483,9.824
1189,2.612
1996,1.004
1015,0.958
994,1.02
3451,1.04
49,0.956
1257,2.068
1656,4.894
3462,0.88
3139,1.028
2327,6.016
3507,1.016
1061,4.68
1199,5.676
126,5.622
2877,
2140,
1167,7.848
3309,5.924
2969,3.2
674,1.042
2523,1.048
530,1.06
1205,2.96
2261,1.06
372,6.146
3123,2.84
1184,2.736
2504,2.188
1100,3.266
467,0.864
2723,2.034
1590,9.76
205,4.454
2351,6.25
1915,0.968
2704,4.056
2694,2.898
3222,6.016
867,0.978
1217,3.602
888,0.968
2549,11.244
1180,12.848
1648,3.178
320,8.26
2016,0.94
2862,1.72
1131,3.702
950,1.892
3346,3.372
2214,5.416
643,5.742
1307,0.908
3435,0.88
2618,0.936
1196,5.732
891,0.842
3125,0.956
1940,1.07
2728,3.588
3490,0.992
946,1.052
150,2.586
727,5.748
2777,5.896
3324,0.892
2997,1.004
3243,0.972
2864,4.984
3581,0.944
3603,0.948
404,0.892
2430,0.934
1595,2.656
1728,0.912
3364,1.008
2954,0.92
622,5.674
1371,0.974
2789,1.0
2218,0.956
3375,1.18
1197,1.994
468,0.922
2803,2.61
744,
2003,1.13
2953,1.758
2562,1.08
43,0.944
1583,6.722
2425,1.076
86,0.93
3265,6.032
72,2.824
1939,0.924
160,5.606
2359,0.88
542,
2778,5.508
1782,3.464
1935,1.038
3045,0.952
182,2.226
1724,1.138
2755,1.516
3166,4.56
547,0.94
2111,0.912
2947,1.504
1999,0.914
240,5.988
1845,2.444
929,0.976
577,0.936
2499,8.692
177,4.488
2941,7.512
1734,0.916
3302,0.896
2531,1.0
2581,0.914
2049,
2510,1.912
648,9.288
116,5.234
2380,0.92
3493,0.948
1740,9.462
3049,0.876
1319,1.9
3511,0.92
3038,0.956
1942,0.932
1814,1.116
471,0.924
2743,0.974
730,0.908
193,2.328
1992,1.024
3592,
2358,1.616
514,1.956
2196,1.028
2727,0.928
1381,
3262,1.972
650,8.22
1668,1.12
2375,2.636
545,9.572
3361,0.892
1957,1.044
2029,0.93
2292,1.064
273,0.966
653,4.344
708,0.954
1363,6.104
2284,0.956
1744,5.54
1967,0.998
821,0.974
2217,1.044
2960,
2757,3.176
2373,0.888
731,1.916
2248,2.012
2345,8.872
2470,0.92
3427,0.872
701,0.976
1658,4.106
216,2.216
2606,1.06
1651,2.192
1697,0.978
3247,1.012
948,1.008
2921,0.942
2991,0.964
969,1.876
2758,3.888
1737,4.562
589,6.902
1906,0.928
3579,1.016
2575,0.896
1437,0.912
3550,1.816
3174,1.972
2556,
3237,13.804
2050,0.958
2830,0.974
2387,1.066
1521,5.552
3112,5.212
1238,3.376
2508,1.776
1024,0.944
269,6.134
3567,0.92
2750,7.89
2057,1.886
140,1.372
1903,0.914
38,0.944
2767,1.004
907,0.964
119,5.2
2178,0.974
1978,0.934
834,0.954
2175,0.936
2141,0.928
1694,0.96
2423,0.922
2227,0.976
1117,4.004
3264,0.904
3100,1.06
2544,4.852
632,6.648
2293,0.968
2810,3.46
420,6.018
725,1.0
3401,0.964
1247,6.758
2994,3.344
1683,0.988
2484,1.032
1484,5.872
1748,0.922
2017,1.894
3407,1.004
2363,1.924
1984,1.056
1216,4.916
2137,0.97
163,12.604
157,5.578
1125,13.062
105,3.56
2343,1.878
327,8.388
2909,
2309,1.002
2821,1.042
2945,5.008
998,0.922
1514,6.524
699,0.912
2708,2.21
131,9.94
2424,0.984
2454,0.988
2439,0.896
1562,0.906
149,6.268
179,6.606
2393,0.914
1707,0.862
2266,0.976
1245,2.494
3080,1.072
2586,1.508
3261,8.748
1801,6.468
265,4.656
2729,4.61
2483,0.976
505,0.942
2624,0.996
1076,8.388
3010,4.532
424,25.282
112,0.994
2901,2.612
200,0.88
3563,1.008
1875,0.928
2867,1.812
345,7.7
358,7.54
2696,8.0
3035,0.876
1013,0.974
1721,0.944
2422,0.906
1063,7.842
341,2.924
2467,3.664
2031,0.998
1660,8.566
3279,1.02
2578,0.932
2207,1.092
1965,0.926
35,0.9
2426,0.988
1893,0.928
2773,2.166
2907,10.15
3200,8.756
1090,6.904
2347,0.936
2379,1.0
89,0.98
333,9.332
2254,0.92
2444,0.98
2459,1.832
2310,0.966
932,0.944
1327,1.014
3190,1.028
37,0.964
1453,0.916
2079,1.102
1621,4.22
712,0.988
2027,0.952
2023,0.854
319,0.938
2022,2.038
2052,0.962
2858,1.072
2226,0.986
3373,0.956
3121,5.124
1645,1.012
454,0.98
2811,5.618
300,9.134
2365,0.91
1948,1.026
158,5.604
3371,
3169,4.924
1474,1.004
91,6.612
1043,1.04
3242,5.256
1753,0.984
429,0.914
1793,1.938
2306,0.946
1883,0.968
1404,
118,0.968
1841,6.256
1143,7.722
1869,2.758
1413,7.324
1279,2.4
3383,1.032
1551,0.978
102,0.928
3405,1.024
556,8.444
1586,3.876
270,0.926
2442,1.524
21,0.92
2860,4.95
3124,3.756
501,8.878
1722,0.902
2315,8.036
3430,0.96
673,5.756
1849,1.098
1230,6.08
2615,1.066
1989,1.0
3197,2.4
724,0.972
1839,0.956
1280,5.364
3459,0.856
1582,3.156
3185,7.088
2733,1.748
2853,4.802
80,0.89
2826,4.874
3114,1.956
42,0.92
1568,8.388
560,0.99
2415,0.932
3384,0.916
958,0.92
54,0.928
1152,2.124
568,6.384
2545,1.002
539,0.956
1034,1.966
1009,0.996
2797,2.248
1545,0.986
2760,2.566
2718,5.674
3360,0.884
2342,6.51
1840,6.256
1452,8.94
710,0.96
952,0.892
3105,3.432
2357,1.444
1534,9.096
1127,2.142
2065,1.862
2397,0.976
2446,0.912
2364,4.12
1235,2.212
3025,1.032
3474,0.944
1675,0.984
1685,1.024
2076,0.888
1924,0.94
1907,0.9
2937,2.456
646,1.0
378,8.142
510,0.956
1596,0.902
858,0.948
2233,4.596
3533,0.944
2394,1.002
321,0.974
3394,6.392
1901,1.036
1816,2.088
2922,1.726
161,6.068
1192,2.224
3154,
2834,5.41
3426,1.004
406,
3487,1.844
1491,9.14
1418,
2338,5.512
886,0.964
1000,1.148
656,0.908
148,1.714
3085,0.944
3208,7.84
2109,0.962
2970,1.036
1630,6.592
3525,1.036
2804,1.724
1706,0.912
1142,3.854
130,11.068
3258,5.88
1466,0.908
2221,0.996
816,1.012
2317,6.296
2898,0.924
1512,3.318
1138,4.832
2903,3.818
2939,0.946
3014,9.332
3448,0.992
3062,0.944
1802,0.964
2149,0.974
255,0.93
109,0.906
64,0.962
2276,0.948
928,0.932
1270,5.904
13,0.896
379,7.238
1393,0.992
3031,0.892
3224,1.02
1657,
1114,3.586
2871,
3494,1.02
598,5.756
1416,8.044
2262,1.02
1120,2.694
1014,0.922
2199,1.014
3412,0.896
854,0.94
2143,0.918
989,0.89
436,2.022
183,7.384
3471,0.94
943,0.988
151,6.594
869,0.974
1988,0.944
3115,1.044
3252,5.54
1571,9.5
1896,0.968
738,1.806
820,0.99
1384,5.462
1614,0.916
175,4.664
259,5.586
1392,6.392
1535,4.884
1921,0.976
2020,0.914
728,1.096
427,0.988
1505,0.984
2320,9.054
652,14.988
1941,0.968
883,0.954
1756,4.824
2786,0.984
1215,3.018
1498,5.374
2040,0.936
2506,0.984
1763,1.918
2083,0.928
1717,0.922
1716,0.888
1027,0.95
1214,1.626
1481,6.506
1065,7.242
807,0.972
3415,0.94
1265,4.968
251,5.23
272,7.402
3051,0.904
196,0.924
185,1.236
502,1.898
3135,4.916
901,0.948
3327,1.04
3310,0.98
831,0.956
3545,0.952
1749,0.918
3534,1.068
3144,2.16
3570,0.88
720,1.016
3015,0.964
1473,8.95
2418,2.01
2130,0.992
3355,0.876
1300,0.94
234,6.236
3181,1.112
1890,0.932
2726,1.738
168,3.066
591,8.256
1638,4.242
1982,0.978
1987,0.934
3437,1.08
36,0.87
209,2.612
1271,3.144
1115,2.562
444,0.896
2458,1.014
679,0.972
1166,10.212
1425,0.928
1754,9.154
1923,0.954
3226,9.204
2933,5.826
3587,0.98
1148,5.208
2007,0.956
187,0.89
3066,1.016
398,0.99
599,0.892
2987,1.752
1386,0.966
2740,2.058
1760,0.922
2225,0.924
1182,5.928
849,0.938
2150,1.122
141,5.23
2192,0.976
2759,2.112
1198,6.144
1599,2.844
1699,0.888
3536,0.988
1468,5.302
3211,0.868
2565,0.882
2205,1.032
213,0.924
1200,5.676
2975,1.47
640,5.528
2282,0.992
829,0.918
1937,0.994
828,0.9
1329,0.92
1891,0.942
1496,8.186
2222,1.908
2228,7.266
1064,7.142
343,6.432
2730,
1347,0.968
983,0.892
6,0.972
2971,6.916
2314,3.928
23,0.876
1969,2.022
3305,0.928
2210,0.95
3072,0.956
1810,4.312
2369,1.046
3578,0.996
3107,0.856
1790,5.694
3068,0.92
3084,2.38
3321,0.952
1925,1.052
2399,1.038
1333,1.002
3589,0.9
1086,2.546
2468,0.968
1037,1.022
2370,0.956
3439,2.82
2711,1.802
470,1.032
1976,0.958
3285,1.028
3398,1.08
401,0.9
329,7.744
3229,6.444
19,
1884,1.028
3098,0.948
3055,0.896
3404,4.956
832,0.956
356,
2736,5.526
685,9.412
173,0.934
954,0.926
3483,0.992
2170,0.982
1608,3.944
2112,0.9
1058,5.808
202,3.946
342,2.102
1723,0.948
1701,0.988
1885,1.88
1340,0.984
2073,0.98
2899,1.928
1038,
1787,3.18
1605,4.446
2271,1.042
229,
3249,0.884
3540,0.912
3161,0.92
1223,7.66
3093,0.888
3233,
166,
3092,0.916
3336,0.884
78,1.03
3191,3.544
1109,2.702
1450,10.34
964,1.912
489,0.912
2571,0.964
208,0.922
2520,4.702
2319,4.968
3216,1.044
1163,5.306
960,1.016
1337,1.072
1429,6.54
2181,3.002
1536,0.952
2540,6.62
503,0.9
939,0.896
1926,0.978
2790,2.04
68,6.33
3556,2.0
2787,0.984
277,5.936
1513,6.802
3280,0.904
2598,0.882
1758,6.316
999,0.96
1492,1.004
995,9.492
2985,0.94
3260,6.196
107,7.676
1615,
257,7.228
159,2.556
57,1.88
2186,5.2
71,
1817,0.932
1389,0.976
705,1.072
2511,8.144
1464,5.34
2431,0.916
433,0.926
3472,1.844
1662,4.984
477,0.976
2104,1.336
16,0.904
1414,0.976
1177,7.24
3343,0.872
1132,5.766
1423,9.404
1433,6.11
3390,1.036
3341,0.944
1531,0.87
497,1.882
2996,5.032
1383,6.368
156,5.896
2091,1.044
1244,4.914
617,8.156
882,1.122
1835,0.926
162,
3159,3.076
2517,3.306
689,0.936
451,0.992
122,5.712
2473,1.912
3119,1.972
2371,1.614
1712,0.908
2486,1.304
822,0.98
2816,1.984
2323,
123,3.588
944,1.008
1284,1.994
889,0.962
1471,6.61
1872,1.872
967,0.996
1377,6.084
3109,0.888
1666,1.002
1650,3.138
1406,7.844
3403,0.94
3133,1.012
1871,0.898
2848,3.286
836,0.98
2267,0.942
2372,0.884
2611,1.02
3456,1.48
3290,0.852
1185,4.038
1194,2.948
2745,7.424
3458,1.068
1356,8.682
1059,3.268
1350,1.032
1183,9.28
848,0.936
2193,3.838
1899,
2051,0.982
2189,1.102
2171,0.938
1203,3.038
1153,5.456
2938,0.9
2417,0.91
192,4.37
1083,5.13
2927,6.3
1085,6.182
972,0.88
2416,0.91
3212,12.8
2303,0.96
1867,1.0
743,9.536
1783,8.046
1709,0.932
3509,0.968
1292,0.912
1761,1.998
3489,0.956
2466,0.904
2747,1.956
1627,0.938
947,0.996
669,7.524
1302,0.92
1517,7.924
2336,2.098
1591,0.976
981,0.98
2934,1.518
328,7.082
3465,0.92
2048,0.96
2326,4.99
2895,4.652
3475,0.9
866,1.016
3502,0.992
1299,0.926
39,0.946
2428,1.774
2061,1.024
1159,7.85
2897,0.94
2340,
2827,3.234
3149,0.928
857,0.924
169,12.024
1559,0.98
1861,0.988
2164,0.92
606,0.97
1792,1.12
236,9.162
178,0.99
1821,1.798
2268,0.968
1557,0.94
2408,1.056
3559,0.924
695,1.978
1236,7.032
2756,2.866
2274,1.004
676,4.322
2410,0.918
1751,0.96
3332,0.928
3467,1.852
1207,5.25
3164,1.028
1360,5.458
212,8.328
393,7.578
2770,5.44
2435,1.04
230,0.924
925,0.94
2412,0.994
2923,0.988
1140,4.642
2239,1.004
1780,0.892
3295,0.936
2006,0.968
3501,2.052
534,0.908
1853,0.884
3228,1.016
570,0.988
2580,0.96
3539,0.928
1775,2.34
2814,1.916
1277,2.688
3056,0.96
3004,8.752
1365,13.158
2385,1.002
484,0.966
2153,1.02
2367,6.76
1564,0.938
226,5.66
3104,1.004
2585,1.826
1975,1.036
495,
984,0.996
2064,1.01
3369,4.288
297,9.272
1912,0.908
2913,0.94
2984,5.064
1752,0.958
350,0.994
3531,1.072
2281,0.906
1640,7.61
22,0.884
740,1.088
2597,0.988
1833,0.916
3325,1.0
2737,1.672
521,0.926
2983,10.8
1490,7.036
110,5.004
1532,8.904
1258,3.598
3328,4.336
2605,0.986
2151,0.96
3602,1.02
1962,1.92
1212,2.682
92,0.936
3436,
323,10.182
1394,16.644
1489,11.562
3543,1.064
2979,0.982
1420,1.496
2398,0.944
1112,3.352
1838,1.006
3064,0.916
1607,4.098
2255,0.99
3283,0.9
1800,5.572
1372,8.244
1898,0.884
2990,1.64
1169,2.84
375,8.168
135,5.028
603,9.094
2823,1.78
453,0.924
3255,1.076
1398,7.958
268,3.946
2158,1.028
3575,2.936
2801,3.738
491,0.94
2980,1.188
3319,1.996
1959,1.868
145,1.776
339,8.126
2924,1.124
1273,5.692
2956,1.968
1095,8.36
1858,1.8
434,0.896
742,0.866
2054,0.924
1084,3.7
3560,1.02
322,0.888
1002,9.904
32,0.972
1902,0.984
316,6.874
1735,6.468
3074,2.48
951,0.942
548,0.998
1308,0.94
1202,3.588
1936,0.994
2569,0.914
466,1.002
3048,1.132
1465,0.948
2177,1.056
422,5.868
1268,5.406
2949,2.152
2341,4.542
1863,0.886
69,0.94
1673,3.744
1764,1.816
1974,0.91
108,1.82
1266,6.352
1826,1.068
3522,0.952
1501,6.648
1309,0.862
411,5.98
1525,0.888
3562,0.984
2744,2.276
2088,0.952
1001,2.894
543,
1451,9.252
1402,0.932
2587,0.852
1102,
3205,0.94
3551,0.976
3244,0.904
1739,4.896
1150,5.366
1281,5.186
1417,5.396
2041,0.97
619,8.154
2748,5.004
2700,4.908
3196,0.884
677,0.886
607,8.104
1654,18.818
2043,1.04
190,2.152
3564,1.024
2198,1.038
3179,4.54
2117,0.916
347,9.274
288,9.588
2383,0.984
2070,1.026
1110,2.092
1145,15.676
2839,5.268
3140,
605,1.056
2099,
1970,0.948
621,0.96
264,8.484
3231,0.956
308,6.202
1762,6.83
965,0.888
2360,0.912
1671,0.956
1676,1.222
3574,1.036
3287,3.78
1139,
2476,9.708
3365,2.676
303,8.248
2195,1.054
1297,1.1
66,2.914
1831,2.682
525,1.012
2906,0.966
2501,0.896
3586,1.904
1950,0.944
683,0.948
17,0.904
2384,1.022
3110,1.924
1439,6.94
364,9.496
1600,10.942
275,9.12
642,7.484
1649,3.378
371,0.944
1422,9.14
326,2.784
409,0.946
440,0.994
1938,0.924
2082,0.944
1432,4.69
1692,
1732,0.924
1981,0.964
3377,
1805,3.384
1932,0.924
1275,12.614
313,17.772
2220,1.008
295,6.844
2977,1.108
1295,0.988
2761,3.858
3236,0.972
1130,5.082
3519,0.988
3488,1.2
1296,0.972
1126,1.898
28,0.964
973,0.96
3188,6.748
1008,0.996
26,0.904
3491,0.984
1409,7.654
1859,1.016
528,0.908
1542,5.48
188,0.964
1825,0.976
115,6.434
2445,15.456
3294,2.852
279,5.858
3291,0.996
2405,0.936
3234,0.964
813,0.976
635,8.514
2330,0.976
1304,1.844
694,1.956
1290,0.92
1575,4.648
1495,6.108
3380,0.996
2427,0.938
304,5.114
388,8.868
692,0.972
2525,5.938
1626,0.908
3544,0.896
3414,0.952
851,0.916
2781,3.706
721,10.338
524,0.948
552,0.922
389,8.548
3158,6.84
1318,0.996
844,0.946
1592,2.876
2038,0.924
2163,
3281,0.984
896,0.946
458,1.982
2008,0.996
1646,1.124
2695,3.432
1537,9.094
2235,6.392
612,0.944
87,17.884
1953,1.002
702,0.942
1385,5.26
3573,0.952
3529,0.94
3077,1.876
239,5.836
2161,0.998
488,8.784
1700,0.946
2852,4.236
2124,1.978
2260,0.972
2766,5.34
2074,0.96
934,0.878
1623,1.014
3111,2.696
1703,1.158
301,7.5
1958,0.906
623,3.184
894,0.988
2244,
3604,0.912
2305,0.99
2886,0.958
739,1.022
1316,
232,9.348
262,0.912
3088,1.868
3306,0.896
1929,1.08
1731,1.072
633,4.752
2582,2.89
33,0.918
3548,1.024
172,2.454
204,3.608
435,0.964
2724,0.952
3468,0.908
1128,2.924
331,0.912
31,0.892
1865,0.956
3469,0.96
2409,
2156,2.002
3221,0.896
3577,1.016
376,0.93
3266,2.764
463,0.972
3047,1.168
1146,2.77
2514,2.908
2243,1.894
2440,0.96
55,0.932
1913,0.878
3520,1.024
1421,0.914
3395,1.068
2943,1.096
2084,0.938
975,0.992
1968,1.892
647,2.35
385,9.436
817,0.968
2126,0.9
1909,0.956
2978,6.048
1017,1.024
2719,1.796
3198,0.964
2942,6.562
3481,1.956
2155,1.012
569,15.306
557,0.914
1255,2.254
2259,0.9
3182,10.808
30,1.878
2116,1.052
3268,
601,0.92
210,4.944
1508,5.202
3019,1.032
3008,5.488
2509,0.908
823,0.964
3053,1.028
1497,4.788
3207,5.396
2722,3.462
1949,0.968
532,0.974
1057,13.772
1141,2.118
1458,9.432
2779,2.03
2957,1.204
1324,0.958
274,5.542
2108,1.898
1507,6.468
2965,6.628
2148,1.004
3151,0.968
3576,0.912
3590,0.936
62,0.92
2443,1.002
3057,1.0
1933,1.022
2735,6.314
1622,8.724
2820,1.944
703,1.038
3083,0.968
1908,0.928
439,0.952
3480,0.952
3438,0.896
2132,3.112
3434,1.016
1772,
1438,8.008
3046,0.912
3275,3.92
2751,0.988
988,0.938
253,5.214
3347,0.876
1631,0.924
1091,3.914
1637,1.738
666,10.728
1206,1.842
700,0.978
2037,0.948
885,0.9
2799,2.548
961,0.964
2078,1.026
1803,0.966
222,4.712
1868,0.952
1379,5.716
1892,0.976
1828,4.94
2308,1.03
2847,7.982
2063,0.908
2014,0.96
2825,0.204
723,0.902
2557,1.074
1629,4.33
1348,0.876
2035,0.976
134,5.614
2187,0.968
895,0.978
3028,0.944
2147,
814,0.906
571,7.78
74,1.002
1157,2.034
3256,3.928
2,0.908
719,0.948
616,0.944
2086,0.988
2135,0.994
194,15.97
691,1.046
1156,5.636
686,0.952
2122,0.924
1715,0.954
2717,2.248
2344,2.128
456,0.96
3146,0.964
355,9.29
2045,0.968
1069,3.708
2796,1.74
3396,0.968
953,
1408,6.988
1914,0.908
3000,8.436
3350,4.248
2716,0.922
3597,1.012
3293,3.084
1306,0.974
1819,4.622
2001,0.98
1726,1.154
3528,0.924
418,7.36
3537,0.956
1457,1.116
1285,1.912
2919,
597,0.982
84,3.238
2594,1.0
3136,2.088
1122,6.364
3232,0.988
3354,1.112
992,0.906
3245,1.04
3532,0.94
517,0.954
1549,0.902
3078,0.928
3342,0.984
3335,0.904
2092,0.908
2896,1.012
2697,
3138,0.992
1035,0.972
2168,0.928
1006,1.94
3408,0.984
2404,
459,0.96
940,0.908
2512,1.096
935,0.972
3514,1.092
1050,1.056
1952,
3059,0.996
2931,1.93
82,1.172
2396,0.944
1046,1.032
1876,
1794,5.304
2891,4.556
1530,0.928
1488,6.986
3157,0.976
1718,0.972
170,0.898
3007,1.724
2180,
1669,3.228
1288,0.968
1078,4.98
980,0.994
912,0.916
2537,0.896
1886,0.89
3594,0.876
3178,3.728
1032,1.026
1639,3.67
3102,5.204
2209,1.01
2157,0.948
3067,1.088
59,1.98
1612,8.51
508,0.928
