timestamp_id,date,time
1,01 Jan 2022,16:55:52
2,01 Jan 2022,21:45:29
3,01 Jan 2022,12:24:52
4,01 Jan 2022,04:07:36
5,01 Jan 2022,06:52:25
6,01 Jan 2022,10:20:09
7,01 Jan 2022,15:32:01
8,01 Jan 2022,19:23:47
9,01 Jan 2022,11:19:47
10,01 Jan 2022,14:52:01
11,01 Jan 2022,23:53:01
12,01 Jan 2022,01:41:48
13,01 Jan 2022,10:39:50
14,01 Jan 2022,06:32:56
15,01 Jan 2022,15:12:09
16,01 Jan 2022,12:45:05
17,01 Jan 2022,22:05:56
18,01 Jan 2022,07:14:24
19,01 Jan 2022,02:47:00
20,01 Jan 2022,00:42:33
21,01 Jan 2022,03:47:47
22,01 Jan 2022,20:44:08
23,01 Jan 2022,16:12:37
24,01 Jan 2022,12:05:06
25,01 Jan 2022,03:06:30
26,01 Jan 2022,01:01:51
27,01 Jan 2022,11:43:40
28,01 Jan 2022,23:31:01
29,01 Jan 2022,10:59:47
30,01 Jan 2022,02:22:52
31,01 Jan 2022,20:03:52
32,01 Jan 2022,14:31:39
33,01 Jan 2022,09:58:43
34,01 Jan 2022,05:51:27
35,01 Jan 2022,14:10:15
36,01 Jan 2022,18:42:25
37,01 Jan 2022,22:49:58
38,01 Jan 2022,04:28:02
39,01 Jan 2022,08:38:00
40,01 Jan 2022,13:50:19
41,01 Jan 2022,22:28:26
42,01 Jan 2022,07:34:40
43,01 Jan 2022,03:27:40
44,01 Jan 2022,00:22:28
45,01 Jan 2022,20:24:31
46,01 Jan 2022,15:53:43
47,01 Jan 2022,17:39:34
48,01 Jan 2022,21:25:49
49,01 Jan 2022,13:06:25
50,01 Jan 2022,05:07:43
51,01 Jan 2022,08:17:20
52,01 Jan 2022,16:33:12
53,01 Jan 2022,21:05:13
54,01 Jan 2022,06:11:59
55,01 Jan 2022,19:44:16
56,01 Jan 2022,13:27:37
57,01 Jan 2022,09:38:30
58,01 Jan 2022,05:31:53
59,01 Jan 2022,18:22:53
60,01 Jan 2022,23:09:54
61,01 Jan 2022,04:48:02
62,01 Jan 2022,08:57:36
63,01 Jan 2022,17:18:43
64,02 Jan 2022,05:45:06
65,02 Jan 2022,01:56:52
66,02 Jan 2022,12:42:40
67,02 Jan 2022,15:44:50
68,02 Jan 2022,13:23:26
69,02 Jan 2022,02:16:48
70,02 Jan 2022,10:17:01
71,02 Jan 2022,07:07:36
72,02 Jan 2022,13:43:32
73,02 Jan 2022,17:26:47
74,02 Jan 2022,06:27:10
75,02 Jan 2022,14:42:57
76,02 Jan 2022,17:47:02
77,02 Jan 2022,10:57:55
78,02 Jan 2022,07:29:02
79,02 Jan 2022,03:21:57
80,02 Jan 2022,03:41:38
81,02 Jan 2022,11:19:09
82,02 Jan 2022,23:56:26
83,02 Jan 2022,23:31:40
84,02 Jan 2022,16:04:39
85,02 Jan 2022,22:42:19
86,02 Jan 2022,04:02:06
87,02 Jan 2022,08:31:26
88,02 Jan 2022,18:07:31
89,02 Jan 2022,01:37:09
90,02 Jan 2022,09:34:40
91,02 Jan 2022,09:55:18
92,02 Jan 2022,06:47:46
93,02 Jan 2022,16:45:24
94,02 Jan 2022,02:57:34
95,02 Jan 2022,18:48:48
96,02 Jan 2022,11:39:47
97,02 Jan 2022,15:25:08
98,02 Jan 2022,19:37:20
99,02 Jan 2022,20:20:59
100,02 Jan 2022,19:11:49
101,02 Jan 2022,14:03:26
102,02 Jan 2022,00:55:12
103,02 Jan 2022,07:50:40
104,02 Jan 2022,02:37:03
105,02 Jan 2022,16:26:40
106,02 Jan 2022,15:04:12
107,02 Jan 2022,12:23:27
108,02 Jan 2022,04:41:47
109,02 Jan 2022,00:12:25
110,02 Jan 2022,18:29:37
111,02 Jan 2022,05:23:40
112,02 Jan 2022,00:34:37
113,02 Jan 2022,21:23:06
114,02 Jan 2022,21:49:08
115,02 Jan 2022,21:02:58
116,02 Jan 2022,20:40:58
117,02 Jan 2022,06:05:51
118,02 Jan 2022,01:16:03
119,02 Jan 2022,10:38:42
120,03 Jan 2022,19:17:08
121,03 Jan 2022,14:40:55
122,03 Jan 2022,23:26:09
123,03 Jan 2022,17:12:30
124,03 Jan 2022,21:22:20
125,03 Jan 2022,16:31:23
126,03 Jan 2022,19:59:23
127,03 Jan 2022,23:47:04
128,03 Jan 2022,16:52:02
129,03 Jan 2022,10:02:19
130,03 Jan 2022,09:24:50
131,03 Jan 2022,08:47:11
132,03 Jan 2022,10:43:39
133,03 Jan 2022,11:22:39
134,03 Jan 2022,18:56:56
135,03 Jan 2022,17:54:34
136,03 Jan 2022,02:28:01
137,03 Jan 2022,03:32:05
138,03 Jan 2022,02:58:02
139,03 Jan 2022,04:00:43
140,03 Jan 2022,04:31:08
141,03 Jan 2022,18:34:37
142,03 Jan 2022,22:05:06
143,03 Jan 2022,05:01:23
144,03 Jan 2022,05:38:15
145,03 Jan 2022,06:17:11
146,03 Jan 2022,08:09:33
147,03 Jan 2022,07:31:34
148,03 Jan 2022,06:54:36
149,03 Jan 2022,21:42:57
150,03 Jan 2022,15:25:28
151,03 Jan 2022,22:24:48
152,03 Jan 2022,18:14:35
153,03 Jan 2022,15:04:16
154,03 Jan 2022,22:45:51
155,03 Jan 2022,12:04:20
156,03 Jan 2022,12:44:33
157,03 Jan 2022,13:24:15
158,03 Jan 2022,14:04:49
159,03 Jan 2022,15:48:01
160,03 Jan 2022,19:39:28
161,03 Jan 2022,23:06:22
162,03 Jan 2022,17:33:09
163,03 Jan 2022,20:40:51
164,03 Jan 2022,01:24:29
165,03 Jan 2022,01:53:54
166,03 Jan 2022,00:53:00
167,03 Jan 2022,00:22:43
168,04 Jan 2022,13:55:35
169,04 Jan 2022,10:01:54
170,04 Jan 2022,05:52:52
171,04 Jan 2022,01:27:48
172,04 Jan 2022,20:33:17
173,04 Jan 2022,03:31:05
174,04 Jan 2022,22:57:49
175,04 Jan 2022,19:09:23
176,04 Jan 2022,07:58:56
177,04 Jan 2022,11:27:17
178,04 Jan 2022,04:53:54
179,04 Jan 2022,08:59:38
180,04 Jan 2022,00:07:38
181,04 Jan 2022,12:30:48
182,04 Jan 2022,15:43:55
183,04 Jan 2022,23:18:47
184,04 Jan 2022,07:38:09
185,04 Jan 2022,14:38:12
186,04 Jan 2022,18:27:23
187,04 Jan 2022,05:13:33
188,04 Jan 2022,01:08:23
189,04 Jan 2022,12:51:30
190,04 Jan 2022,16:43:12
191,04 Jan 2022,14:16:58
192,04 Jan 2022,10:45:44
193,04 Jan 2022,18:06:35
194,04 Jan 2022,22:16:51
195,04 Jan 2022,21:13:42
196,04 Jan 2022,02:30:35
197,04 Jan 2022,06:56:02
198,04 Jan 2022,06:56:02
199,04 Jan 2022,17:24:42
200,04 Jan 2022,05:32:35
201,04 Jan 2022,00:47:32
202,04 Jan 2022,21:34:19
203,04 Jan 2022,17:04:18
204,04 Jan 2022,13:13:25
205,04 Jan 2022,08:19:19
206,04 Jan 2022,03:10:46
207,04 Jan 2022,20:53:19
208,04 Jan 2022,02:50:50
209,04 Jan 2022,19:50:52
210,04 Jan 2022,15:01:05
211,04 Jan 2022,16:23:27
212,04 Jan 2022,09:21:12
213,04 Jan 2022,00:27:12
214,04 Jan 2022,20:11:28
215,04 Jan 2022,22:38:17
216,04 Jan 2022,19:28:52
217,04 Jan 2022,16:03:26
218,04 Jan 2022,12:10:04
219,04 Jan 2022,04:11:50
220,04 Jan 2022,15:22:02
221,04 Jan 2022,08:40:02
222,04 Jan 2022,11:48:59
223,04 Jan 2022,04:32:24
224,04 Jan 2022,13:35:18
225,04 Jan 2022,17:44:46
226,04 Jan 2022,10:23:57
227,04 Jan 2022,01:50:02
228,04 Jan 2022,06:34:42
229,04 Jan 2022,11:06:16
230,04 Jan 2022,02:10:37
231,04 Jan 2022,23:40:23
232,05 Jan 2022,09:58:09
233,05 Jan 2022,05:47:54
234,05 Jan 2022,13:51:21
235,05 Jan 2022,11:42:31
236,05 Jan 2022,19:23:26
237,05 Jan 2022,09:37:27
238,05 Jan 2022,02:03:21
239,05 Jan 2022,13:30:08
240,05 Jan 2022,17:20:05
241,05 Jan 2022,21:36:53
242,05 Jan 2022,10:40:23
243,05 Jan 2022,18:22:23
244,05 Jan 2022,06:49:26
245,05 Jan 2022,02:45:48
246,05 Jan 2022,22:17:28
247,05 Jan 2022,22:17:28
248,05 Jan 2022,08:13:02
249,05 Jan 2022,03:46:37
250,05 Jan 2022,12:04:00
251,05 Jan 2022,15:35:28
252,05 Jan 2022,12:46:35
253,05 Jan 2022,16:58:38
254,05 Jan 2022,20:55:40
255,05 Jan 2022,04:46:57
256,05 Jan 2022,01:01:28
257,05 Jan 2022,07:51:00
258,05 Jan 2022,03:05:48
259,05 Jan 2022,15:15:37
260,05 Jan 2022,22:37:50
261,05 Jan 2022,00:00:54
262,05 Jan 2022,04:26:09
263,05 Jan 2022,12:24:14
264,05 Jan 2022,20:15:41
265,05 Jan 2022,19:03:06
266,05 Jan 2022,22:58:49
267,05 Jan 2022,14:54:08
268,05 Jan 2022,07:31:26
269,05 Jan 2022,11:20:57
270,05 Jan 2022,03:26:25
271,05 Jan 2022,07:09:59
272,05 Jan 2022,11:00:55
273,05 Jan 2022,02:24:36
274,05 Jan 2022,18:41:48
275,05 Jan 2022,23:19:13
276,05 Jan 2022,23:41:06
277,05 Jan 2022,16:17:45
278,05 Jan 2022,04:06:05
279,05 Jan 2022,14:11:00
280,05 Jan 2022,17:40:28
281,05 Jan 2022,10:19:10
282,05 Jan 2022,06:09:22
283,05 Jan 2022,01:42:58
284,05 Jan 2022,21:57:56
285,05 Jan 2022,06:28:38
286,05 Jan 2022,01:21:47
287,05 Jan 2022,05:28:17
288,05 Jan 2022,09:17:56
289,05 Jan 2022,15:57:50
290,05 Jan 2022,19:54:41
291,05 Jan 2022,08:57:01
292,05 Jan 2022,00:42:09
293,05 Jan 2022,05:08:44
294,05 Jan 2022,00:21:19
295,05 Jan 2022,13:08:49
296,05 Jan 2022,16:39:12
297,05 Jan 2022,20:35:50
298,06 Jan 2022,06:10:37
299,06 Jan 2022,01:22:49
300,06 Jan 2022,10:07:49
301,06 Jan 2022,13:23:38
302,06 Jan 2022,16:58:21
303,06 Jan 2022,17:58:58
304,06 Jan 2022,14:06:40
305,06 Jan 2022,00:43:08
306,06 Jan 2022,05:49:33
307,06 Jan 2022,02:44:03
308,06 Jan 2022,17:17:32
309,06 Jan 2022,14:27:41
310,06 Jan 2022,20:44:30
311,06 Jan 2022,15:32:36
312,06 Jan 2022,18:40:01
313,06 Jan 2022,23:06:41
314,06 Jan 2022,07:54:03
315,06 Jan 2022,12:17:50
316,06 Jan 2022,12:17:50
317,06 Jan 2022,21:46:30
318,06 Jan 2022,17:38:19
319,06 Jan 2022,02:04:22
320,06 Jan 2022,10:28:54
321,06 Jan 2022,05:29:22
322,06 Jan 2022,01:02:38
323,06 Jan 2022,09:24:15
324,06 Jan 2022,20:03:00
325,06 Jan 2022,15:10:45
326,06 Jan 2022,23:47:38
327,06 Jan 2022,19:01:46
328,06 Jan 2022,16:14:02
329,06 Jan 2022,11:32:18
330,06 Jan 2022,07:33:31
331,06 Jan 2022,03:23:51
332,06 Jan 2022,10:50:06
333,06 Jan 2022,21:05:31
334,06 Jan 2022,06:51:34
335,06 Jan 2022,22:27:11
336,06 Jan 2022,07:11:41
337,06 Jan 2022,11:11:14
338,06 Jan 2022,02:24:29
339,06 Jan 2022,12:39:43
340,06 Jan 2022,19:22:16
341,06 Jan 2022,04:27:17
342,06 Jan 2022,00:00:47
343,06 Jan 2022,14:49:15
344,06 Jan 2022,03:04:02
345,06 Jan 2022,11:55:29
346,06 Jan 2022,22:07:27
347,06 Jan 2022,09:45:33
348,06 Jan 2022,05:08:32
349,06 Jan 2022,13:46:14
350,06 Jan 2022,01:44:11
351,06 Jan 2022,21:25:47
352,06 Jan 2022,12:59:33
353,06 Jan 2022,20:24:18
354,06 Jan 2022,16:36:37
355,06 Jan 2022,09:01:22
356,06 Jan 2022,00:21:03
357,06 Jan 2022,04:48:19
358,06 Jan 2022,19:42:14
359,06 Jan 2022,15:53:30
360,06 Jan 2022,08:40:21
361,06 Jan 2022,23:28:11
362,07 Jan 2022,02:54:56
363,07 Jan 2022,08:06:46
364,07 Jan 2022,08:06:46
365,07 Jan 2022,23:49:52
366,07 Jan 2022,16:35:19
367,07 Jan 2022,19:58:56
368,07 Jan 2022,18:58:00
369,07 Jan 2022,08:27:56
370,07 Jan 2022,03:57:00
371,07 Jan 2022,06:41:21
372,07 Jan 2022,13:28:30
373,07 Jan 2022,20:41:00
374,07 Jan 2022,16:56:15
375,07 Jan 2022,13:07:44
376,07 Jan 2022,00:48:57
377,07 Jan 2022,04:56:36
378,07 Jan 2022,23:07:50
379,07 Jan 2022,17:16:02
380,07 Jan 2022,10:09:15
381,07 Jan 2022,02:13:36
382,07 Jan 2022,05:59:13
383,07 Jan 2022,04:16:47
384,07 Jan 2022,15:12:16
385,07 Jan 2022,21:02:12
386,07 Jan 2022,15:33:12
387,07 Jan 2022,12:19:59
388,07 Jan 2022,08:48:07
389,07 Jan 2022,19:19:41
390,07 Jan 2022,22:47:43
391,07 Jan 2022,21:23:56
392,07 Jan 2022,07:24:18
393,07 Jan 2022,11:58:44
394,07 Jan 2022,17:36:08
395,07 Jan 2022,18:38:17
396,07 Jan 2022,14:51:19
397,07 Jan 2022,10:54:16
398,07 Jan 2022,01:30:29
399,07 Jan 2022,21:45:08
400,07 Jan 2022,05:38:38
401,07 Jan 2022,01:08:45
402,07 Jan 2022,13:49:31
403,07 Jan 2022,11:15:18
404,07 Jan 2022,03:36:19
405,07 Jan 2022,18:17:01
406,07 Jan 2022,22:26:56
407,07 Jan 2022,12:41:59
408,07 Jan 2022,16:14:18
409,07 Jan 2022,05:17:09
410,07 Jan 2022,00:29:09
411,07 Jan 2022,14:09:32
412,07 Jan 2022,17:55:57
413,07 Jan 2022,07:03:55
414,07 Jan 2022,02:34:48
415,07 Jan 2022,07:45:46
416,07 Jan 2022,03:16:15
417,07 Jan 2022,11:36:14
418,07 Jan 2022,19:39:04
419,07 Jan 2022,22:07:13
420,07 Jan 2022,14:30:15
421,07 Jan 2022,10:30:53
422,07 Jan 2022,15:53:55
423,07 Jan 2022,06:20:25
424,07 Jan 2022,09:47:41
425,07 Jan 2022,20:19:03
426,08 Jan 2022,00:10:47
427,08 Jan 2022,06:13:41
428,08 Jan 2022,09:47:11
429,08 Jan 2022,17:25:44
430,08 Jan 2022,03:22:00
431,08 Jan 2022,12:33:03
432,08 Jan 2022,18:07:35
433,08 Jan 2022,23:45:03
434,08 Jan 2022,06:54:29
435,08 Jan 2022,15:22:42
436,08 Jan 2022,08:20:11
437,08 Jan 2022,12:13:36
438,08 Jan 2022,17:46:59
439,08 Jan 2022,22:39:08
440,08 Jan 2022,10:09:03
441,08 Jan 2022,00:30:25
442,08 Jan 2022,15:41:57
443,08 Jan 2022,19:06:36
444,08 Jan 2022,14:36:50
445,08 Jan 2022,10:51:53
446,08 Jan 2022,05:52:06
447,08 Jan 2022,23:24:37
448,08 Jan 2022,04:03:25
449,08 Jan 2022,08:42:13
450,08 Jan 2022,16:04:01
451,08 Jan 2022,21:58:48
452,08 Jan 2022,22:17:54
453,08 Jan 2022,16:44:53
454,08 Jan 2022,21:16:29
455,08 Jan 2022,04:25:35
456,08 Jan 2022,01:33:12
457,08 Jan 2022,05:09:24
458,08 Jan 2022,09:25:32
459,08 Jan 2022,17:05:28
460,08 Jan 2022,13:15:50
461,08 Jan 2022,13:56:55
462,08 Jan 2022,20:55:03
463,08 Jan 2022,01:12:30
464,08 Jan 2022,05:30:24
465,08 Jan 2022,00:51:12
466,08 Jan 2022,04:47:13
467,08 Jan 2022,11:52:03
468,08 Jan 2022,16:23:53
469,08 Jan 2022,21:36:58
470,08 Jan 2022,10:31:17
471,08 Jan 2022,14:17:27
472,08 Jan 2022,20:08:24
473,08 Jan 2022,02:16:58
474,08 Jan 2022,06:34:39
475,08 Jan 2022,07:35:48
476,08 Jan 2022,11:12:10
477,08 Jan 2022,02:59:50
478,08 Jan 2022,02:38:45
479,08 Jan 2022,07:15:16
480,08 Jan 2022,11:33:03
481,08 Jan 2022,15:01:25
482,08 Jan 2022,19:47:35
483,08 Jan 2022,12:52:49
484,08 Jan 2022,03:43:33
485,08 Jan 2022,13:36:59
486,08 Jan 2022,18:46:29
487,08 Jan 2022,23:02:00
488,09 Jan 2022,20:54:31
489,09 Jan 2022,09:09:59
490,09 Jan 2022,23:41:11
491,09 Jan 2022,19:52:56
492,09 Jan 2022,16:44:52
493,09 Jan 2022,13:18:08
494,09 Jan 2022,09:30:50
495,09 Jan 2022,05:02:19
496,09 Jan 2022,00:04:59
497,09 Jan 2022,18:50:15
498,09 Jan 2022,15:20:47
499,09 Jan 2022,10:32:39
500,09 Jan 2022,02:37:18
501,09 Jan 2022,21:57:25
502,09 Jan 2022,10:11:57
503,09 Jan 2022,13:59:01
504,09 Jan 2022,07:06:59
505,09 Jan 2022,06:47:25
506,09 Jan 2022,01:54:08
507,09 Jan 2022,07:28:37
508,09 Jan 2022,02:57:16
509,09 Jan 2022,14:19:15
510,09 Jan 2022,03:59:28
511,09 Jan 2022,22:18:15
512,09 Jan 2022,04:41:37
513,09 Jan 2022,13:39:09
514,09 Jan 2022,17:26:39
515,09 Jan 2022,19:32:44
516,09 Jan 2022,16:02:20
517,09 Jan 2022,08:09:16
518,09 Jan 2022,12:36:54
519,09 Jan 2022,03:38:34
520,09 Jan 2022,22:58:05
521,09 Jan 2022,12:56:55
522,09 Jan 2022,20:34:48
523,09 Jan 2022,08:49:48
524,09 Jan 2022,03:18:14
525,09 Jan 2022,17:48:20
526,09 Jan 2022,00:24:51
527,09 Jan 2022,10:52:26
528,09 Jan 2022,06:26:25
529,09 Jan 2022,01:04:57
530,09 Jan 2022,06:06:47
531,09 Jan 2022,16:22:57
532,09 Jan 2022,08:30:09
533,09 Jan 2022,04:20:32
534,09 Jan 2022,11:34:41
535,09 Jan 2022,19:10:50
536,09 Jan 2022,22:38:02
537,09 Jan 2022,14:40:24
538,09 Jan 2022,15:41:07
539,09 Jan 2022,20:13:30
540,09 Jan 2022,00:44:48
541,09 Jan 2022,05:43:31
542,09 Jan 2022,12:16:36
543,09 Jan 2022,07:48:50
544,09 Jan 2022,21:38:03
545,09 Jan 2022,21:15:52
546,09 Jan 2022,11:15:04
547,09 Jan 2022,11:54:29
548,09 Jan 2022,02:15:57
549,09 Jan 2022,18:09:03
550,09 Jan 2022,14:59:37
551,10 Jan 2022,19:54:47
552,10 Jan 2022,08:33:11
553,10 Jan 2022,11:58:57
554,10 Jan 2022,04:29:47
555,10 Jan 2022,12:18:24
556,10 Jan 2022,21:35:48
557,10 Jan 2022,12:18:24
558,10 Jan 2022,08:53:14
559,10 Jan 2022,04:48:51
560,10 Jan 2022,10:58:05
561,10 Jan 2022,14:09:08
562,10 Jan 2022,06:32:26
563,10 Jan 2022,03:04:21
564,10 Jan 2022,21:57:08
565,10 Jan 2022,06:52:57
566,10 Jan 2022,02:23:21
567,10 Jan 2022,14:28:53
568,10 Jan 2022,16:51:00
569,10 Jan 2022,19:35:24
570,10 Jan 2022,15:10:09
571,10 Jan 2022,20:54:34
572,10 Jan 2022,11:38:25
573,10 Jan 2022,07:33:17
574,10 Jan 2022,02:03:32
575,10 Jan 2022,22:18:47
576,10 Jan 2022,17:52:10
577,10 Jan 2022,08:13:41
578,10 Jan 2022,03:47:41
579,10 Jan 2022,13:03:18
580,10 Jan 2022,15:50:47
581,10 Jan 2022,05:09:42
582,10 Jan 2022,09:56:23
583,10 Jan 2022,20:34:28
584,10 Jan 2022,20:15:45
585,10 Jan 2022,05:50:00
586,10 Jan 2022,00:41:56
587,10 Jan 2022,13:24:35
588,10 Jan 2022,16:11:44
589,10 Jan 2022,18:32:57
590,10 Jan 2022,04:08:53
591,10 Jan 2022,21:14:24
592,10 Jan 2022,17:12:05
593,10 Jan 2022,10:37:27
594,10 Jan 2022,06:10:26
595,10 Jan 2022,00:22:16
596,10 Jan 2022,23:20:38
597,10 Jan 2022,13:45:32
598,10 Jan 2022,17:31:46
599,10 Jan 2022,01:23:09
600,10 Jan 2022,10:16:22
601,10 Jan 2022,09:12:28
602,10 Jan 2022,03:27:43
603,10 Jan 2022,23:42:16
604,10 Jan 2022,16:31:04
605,10 Jan 2022,09:35:45
606,10 Jan 2022,01:03:10
607,10 Jan 2022,23:00:18
608,10 Jan 2022,18:11:59
609,10 Jan 2022,02:42:50
610,10 Jan 2022,12:39:44
611,10 Jan 2022,07:13:03
612,10 Jan 2022,15:30:37
613,10 Jan 2022,01:43:21
614,10 Jan 2022,07:53:17
615,10 Jan 2022,11:18:47
616,10 Jan 2022,14:48:38
617,10 Jan 2022,18:54:15
618,10 Jan 2022,22:40:03
619,11 Jan 2022,21:57:29
620,11 Jan 2022,10:28:50
621,11 Jan 2022,06:35:59
622,11 Jan 2022,17:05:22
623,11 Jan 2022,15:19:12
624,11 Jan 2022,10:48:52
625,11 Jan 2022,07:15:35
626,11 Jan 2022,03:05:27
627,11 Jan 2022,19:50:56
628,11 Jan 2022,14:37:58
629,11 Jan 2022,07:36:18
630,11 Jan 2022,11:10:19
631,11 Jan 2022,21:12:42
632,11 Jan 2022,17:45:57
633,11 Jan 2022,13:15:26
634,11 Jan 2022,03:45:59
635,11 Jan 2022,22:18:34
636,11 Jan 2022,18:27:07
637,11 Jan 2022,10:06:46
638,11 Jan 2022,01:42:04
639,11 Jan 2022,20:12:15
640,11 Jan 2022,11:30:16
641,11 Jan 2022,03:25:35
642,11 Jan 2022,22:58:35
643,11 Jan 2022,16:23:43
644,11 Jan 2022,13:56:19
645,11 Jan 2022,09:45:28
646,11 Jan 2022,05:53:14
647,11 Jan 2022,00:21:51
648,11 Jan 2022,09:05:10
649,11 Jan 2022,04:45:49
650,11 Jan 2022,23:19:19
651,11 Jan 2022,15:39:59
652,11 Jan 2022,19:30:39
653,11 Jan 2022,15:59:41
654,11 Jan 2022,12:10:23
655,11 Jan 2022,02:02:17
656,11 Jan 2022,07:56:26
657,11 Jan 2022,23:39:00
658,11 Jan 2022,21:36:36
659,11 Jan 2022,09:25:49
660,11 Jan 2022,12:33:18
661,11 Jan 2022,04:06:14
662,11 Jan 2022,14:59:50
663,11 Jan 2022,17:24:31
664,11 Jan 2022,06:14:49
665,11 Jan 2022,02:44:55
666,11 Jan 2022,08:43:40
667,11 Jan 2022,11:51:36
668,11 Jan 2022,20:52:13
669,11 Jan 2022,22:38:27
670,11 Jan 2022,06:56:06
671,11 Jan 2022,12:52:26
672,11 Jan 2022,02:23:43
673,11 Jan 2022,18:06:01
674,11 Jan 2022,08:19:07
675,11 Jan 2022,20:32:15
676,11 Jan 2022,13:35:23
677,11 Jan 2022,01:21:37
678,11 Jan 2022,01:02:25
679,11 Jan 2022,05:07:23
680,11 Jan 2022,18:47:29
681,11 Jan 2022,14:17:10
682,11 Jan 2022,16:43:55
683,11 Jan 2022,00:42:10
684,11 Jan 2022,05:31:26
685,12 Jan 2022,22:48:43
686,12 Jan 2022,08:39:49
687,12 Jan 2022,12:34:45
688,12 Jan 2022,03:04:28
689,12 Jan 2022,15:44:27
690,12 Jan 2022,18:52:39
691,12 Jan 2022,07:59:37
692,12 Jan 2022,12:55:41
693,12 Jan 2022,01:20:24
694,12 Jan 2022,16:48:04
695,12 Jan 2022,20:17:45
696,12 Jan 2022,23:08:35
697,12 Jan 2022,13:37:33
698,12 Jan 2022,16:05:16
699,12 Jan 2022,10:04:12
700,12 Jan 2022,00:40:05
701,12 Jan 2022,05:54:12
702,12 Jan 2022,19:35:35
703,12 Jan 2022,19:14:39
704,12 Jan 2022,23:29:08
705,12 Jan 2022,01:43:54
706,12 Jan 2022,02:03:35
707,12 Jan 2022,06:14:32
708,12 Jan 2022,10:24:22
709,12 Jan 2022,12:12:46
710,12 Jan 2022,04:09:06
711,12 Jan 2022,22:27:42
712,12 Jan 2022,15:23:48
713,12 Jan 2022,17:08:59
714,12 Jan 2022,17:51:10
715,12 Jan 2022,07:18:18
716,12 Jan 2022,03:24:25
717,12 Jan 2022,05:11:08
718,12 Jan 2022,21:01:01
719,12 Jan 2022,13:58:10
720,12 Jan 2022,18:13:17
721,12 Jan 2022,21:45:59
722,12 Jan 2022,14:41:57
723,12 Jan 2022,08:19:26
724,12 Jan 2022,10:45:25
725,12 Jan 2022,02:25:03
726,12 Jan 2022,22:06:52
727,12 Jan 2022,23:54:04
728,12 Jan 2022,03:48:33
729,12 Jan 2022,11:50:24
730,12 Jan 2022,13:15:58
731,12 Jan 2022,04:50:45
732,12 Jan 2022,18:32:30
733,12 Jan 2022,15:02:48
734,12 Jan 2022,02:44:25
735,12 Jan 2022,06:33:53
736,12 Jan 2022,11:06:38
737,12 Jan 2022,09:23:58
738,12 Jan 2022,00:18:42
739,12 Jan 2022,20:39:37
740,12 Jan 2022,14:21:59
741,12 Jan 2022,11:28:52
742,12 Jan 2022,07:37:25
743,12 Jan 2022,21:22:55
744,12 Jan 2022,09:43:59
745,12 Jan 2022,05:32:46
746,12 Jan 2022,01:00:16
747,13 Jan 2022,17:56:43
748,13 Jan 2022,10:34:11
749,13 Jan 2022,14:27:29
750,13 Jan 2022,06:46:17
751,13 Jan 2022,21:47:35
752,13 Jan 2022,12:19:45
753,13 Jan 2022,04:57:18
754,13 Jan 2022,02:05:35
755,13 Jan 2022,23:53:50
756,13 Jan 2022,17:14:28
757,13 Jan 2022,13:43:25
758,13 Jan 2022,09:52:05
759,13 Jan 2022,01:43:54
760,13 Jan 2022,20:24:07
761,13 Jan 2022,16:34:39
762,13 Jan 2022,11:16:24
763,13 Jan 2022,04:13:39
764,13 Jan 2022,07:29:31
765,13 Jan 2022,18:40:13
766,13 Jan 2022,05:42:00
767,13 Jan 2022,00:38:09
768,13 Jan 2022,09:31:21
769,13 Jan 2022,03:31:00
770,13 Jan 2022,16:54:44
771,13 Jan 2022,19:43:24
772,13 Jan 2022,08:49:35
773,13 Jan 2022,20:02:46
774,13 Jan 2022,12:40:13
775,13 Jan 2022,09:09:56
776,13 Jan 2022,11:58:56
777,13 Jan 2022,03:08:51
778,13 Jan 2022,15:31:13
779,13 Jan 2022,11:38:06
780,13 Jan 2022,18:17:03
781,13 Jan 2022,22:08:07
782,13 Jan 2022,15:09:56
783,13 Jan 2022,01:23:11
784,13 Jan 2022,23:12:43
785,13 Jan 2022,02:48:48
786,13 Jan 2022,12:59:55
787,13 Jan 2022,08:30:00
788,13 Jan 2022,17:35:16
789,13 Jan 2022,21:04:45
790,13 Jan 2022,23:32:56
791,13 Jan 2022,10:55:46
792,13 Jan 2022,07:08:47
793,13 Jan 2022,14:48:25
794,13 Jan 2022,21:25:57
795,13 Jan 2022,14:05:10
796,13 Jan 2022,20:44:14
797,13 Jan 2022,06:03:33
798,13 Jan 2022,06:25:28
799,13 Jan 2022,19:02:14
800,13 Jan 2022,22:50:11
801,13 Jan 2022,13:21:41
802,13 Jan 2022,07:48:34
803,13 Jan 2022,00:16:02
804,13 Jan 2022,04:34:42
805,13 Jan 2022,02:26:03
806,13 Jan 2022,16:12:51
807,14 Jan 2022,02:20:16
808,14 Jan 2022,06:27:59
809,14 Jan 2022,16:04:52
810,14 Jan 2022,07:10:11
811,14 Jan 2022,13:41:40
812,14 Jan 2022,22:13:15
813,14 Jan 2022,18:47:57
814,14 Jan 2022,14:42:30
815,14 Jan 2022,00:57:45
816,14 Jan 2022,12:21:21
817,14 Jan 2022,15:44:53
818,14 Jan 2022,19:29:47
819,14 Jan 2022,00:35:21
820,14 Jan 2022,08:53:47
821,14 Jan 2022,04:46:05
822,14 Jan 2022,15:03:56
823,14 Jan 2022,21:32:46
824,14 Jan 2022,10:58:23
825,14 Jan 2022,03:43:43
826,14 Jan 2022,17:46:14
827,14 Jan 2022,14:02:46
828,14 Jan 2022,10:16:39
829,14 Jan 2022,03:23:18
830,14 Jan 2022,23:16:32
831,14 Jan 2022,05:26:39
832,14 Jan 2022,17:26:23
833,14 Jan 2022,08:32:54
834,14 Jan 2022,11:59:49
835,14 Jan 2022,14:23:27
836,14 Jan 2022,00:14:36
837,14 Jan 2022,04:25:06
838,14 Jan 2022,22:34:06
839,14 Jan 2022,12:41:00
840,14 Jan 2022,09:15:44
841,14 Jan 2022,05:05:39
842,14 Jan 2022,22:55:23
843,14 Jan 2022,19:09:09
844,14 Jan 2022,11:18:49
845,14 Jan 2022,08:11:36
846,14 Jan 2022,04:04:15
847,14 Jan 2022,21:11:58
848,14 Jan 2022,07:50:50
849,14 Jan 2022,11:39:29
850,14 Jan 2022,20:31:09
851,14 Jan 2022,16:46:01
852,14 Jan 2022,13:01:24
853,14 Jan 2022,05:46:26
854,14 Jan 2022,01:18:20
855,14 Jan 2022,23:38:03
856,14 Jan 2022,20:09:50
857,14 Jan 2022,17:05:54
858,14 Jan 2022,09:35:46
859,14 Jan 2022,23:58:52
860,14 Jan 2022,21:52:55
861,14 Jan 2022,18:26:30
862,14 Jan 2022,15:24:23
863,14 Jan 2022,02:41:32
864,14 Jan 2022,07:30:37
865,14 Jan 2022,13:21:34
866,14 Jan 2022,18:07:35
867,14 Jan 2022,03:02:54
868,14 Jan 2022,06:06:54
869,14 Jan 2022,09:56:53
870,14 Jan 2022,19:50:41
871,14 Jan 2022,10:37:38
872,14 Jan 2022,06:48:38
873,14 Jan 2022,01:59:13
874,14 Jan 2022,16:25:44
875,15 Jan 2022,16:42:06
876,15 Jan 2022,13:55:42
877,15 Jan 2022,21:12:04
878,15 Jan 2022,08:15:42
879,15 Jan 2022,01:20:26
880,15 Jan 2022,10:38:02
881,15 Jan 2022,06:31:39
882,15 Jan 2022,17:06:45
883,15 Jan 2022,19:29:05
884,15 Jan 2022,16:19:29
885,15 Jan 2022,20:30:10
886,15 Jan 2022,07:33:15
887,15 Jan 2022,12:29:14
888,15 Jan 2022,18:08:58
889,15 Jan 2022,14:38:41
890,15 Jan 2022,09:15:53
891,15 Jan 2022,04:48:24
892,15 Jan 2022,01:00:51
893,15 Jan 2022,22:39:24
894,15 Jan 2022,20:51:22
895,15 Jan 2022,12:50:46
896,15 Jan 2022,02:05:56
897,15 Jan 2022,07:12:01
898,15 Jan 2022,21:33:25
899,15 Jan 2022,04:08:42
900,15 Jan 2022,08:36:34
901,15 Jan 2022,15:19:00
902,15 Jan 2022,20:10:06
903,15 Jan 2022,00:19:48
904,15 Jan 2022,05:09:41
905,15 Jan 2022,17:47:08
906,15 Jan 2022,21:58:20
907,15 Jan 2022,05:51:36
908,15 Jan 2022,11:41:28
909,15 Jan 2022,16:00:00
910,15 Jan 2022,19:08:51
911,15 Jan 2022,00:40:47
912,15 Jan 2022,06:51:29
913,15 Jan 2022,10:18:02
914,15 Jan 2022,22:18:37
915,15 Jan 2022,14:17:07
916,15 Jan 2022,04:29:45
917,15 Jan 2022,23:40:37
918,15 Jan 2022,11:19:47
919,15 Jan 2022,05:30:53
920,15 Jan 2022,03:29:16
921,15 Jan 2022,07:53:49
922,15 Jan 2022,23:18:40
923,15 Jan 2022,10:59:38
924,15 Jan 2022,02:49:43
925,15 Jan 2022,15:39:56
926,15 Jan 2022,09:57:38
927,15 Jan 2022,01:45:19
928,15 Jan 2022,18:29:02
929,15 Jan 2022,09:37:12
930,15 Jan 2022,14:58:34
931,15 Jan 2022,06:12:10
932,16 Jan 2022,11:27:48
933,16 Jan 2022,00:00:18
934,16 Jan 2022,04:07:36
935,16 Jan 2022,07:57:58
936,16 Jan 2022,18:26:45
937,16 Jan 2022,21:38:23
938,16 Jan 2022,05:09:46
939,16 Jan 2022,00:20:25
940,16 Jan 2022,12:48:40
941,16 Jan 2022,23:44:30
942,16 Jan 2022,20:56:58
943,16 Jan 2022,02:43:11
944,16 Jan 2022,11:07:15
945,16 Jan 2022,03:48:02
946,16 Jan 2022,17:23:13
947,16 Jan 2022,22:20:10
948,16 Jan 2022,14:15:13
949,16 Jan 2022,20:34:09
950,16 Jan 2022,09:43:24
951,16 Jan 2022,16:38:54
952,16 Jan 2022,05:50:41
953,16 Jan 2022,00:40:11
954,16 Jan 2022,15:57:47
955,16 Jan 2022,12:29:17
956,16 Jan 2022,23:03:01
957,16 Jan 2022,20:11:46
958,16 Jan 2022,15:37:35
959,16 Jan 2022,08:41:41
960,16 Jan 2022,02:01:41
961,16 Jan 2022,04:28:11
962,16 Jan 2022,07:37:02
963,16 Jan 2022,22:41:35
964,16 Jan 2022,19:07:50
965,16 Jan 2022,00:59:23
966,16 Jan 2022,06:16:14
967,16 Jan 2022,14:37:02
968,16 Jan 2022,18:06:07
969,16 Jan 2022,10:23:56
970,16 Jan 2022,06:55:49
971,16 Jan 2022,01:39:48
972,16 Jan 2022,15:17:53
973,16 Jan 2022,11:48:30
974,16 Jan 2022,19:30:20
975,16 Jan 2022,10:45:48
976,16 Jan 2022,13:11:00
977,16 Jan 2022,16:18:42
978,16 Jan 2022,07:16:02
979,16 Jan 2022,03:07:24
980,16 Jan 2022,23:24:16
981,16 Jan 2022,17:00:07
982,16 Jan 2022,13:31:29
983,16 Jan 2022,01:19:34
984,16 Jan 2022,05:30:39
985,16 Jan 2022,17:44:07
986,16 Jan 2022,21:59:11
987,16 Jan 2022,14:58:20
988,16 Jan 2022,09:02:20
989,16 Jan 2022,04:47:53
990,16 Jan 2022,19:51:37
991,16 Jan 2022,02:22:24
992,16 Jan 2022,06:35:28
993,16 Jan 2022,21:17:11
994,16 Jan 2022,13:53:19
995,17 Jan 2022,23:06:53
996,17 Jan 2022,03:36:08
997,17 Jan 2022,11:18:15
998,17 Jan 2022,17:23:56
999,17 Jan 2022,02:34:52
1000,17 Jan 2022,13:09:12
1001,17 Jan 2022,19:07:49
1002,17 Jan 2022,22:45:18
1003,17 Jan 2022,19:50:33
1004,17 Jan 2022,14:14:32
1005,17 Jan 2022,00:27:05
1006,17 Jan 2022,08:09:00
1007,17 Jan 2022,13:53:11
1008,17 Jan 2022,12:00:01
1009,17 Jan 2022,05:22:05
1010,17 Jan 2022,09:12:18
1011,17 Jan 2022,16:21:29
1012,17 Jan 2022,12:22:11
1013,17 Jan 2022,03:16:45
1014,17 Jan 2022,07:27:11
1015,17 Jan 2022,02:55:26
1016,17 Jan 2022,20:57:05
1017,17 Jan 2022,20:35:39
1018,17 Jan 2022,04:40:38
1019,17 Jan 2022,22:00:59
1020,17 Jan 2022,10:12:48
1021,17 Jan 2022,08:30:37
1022,17 Jan 2022,04:18:01
1023,17 Jan 2022,15:40:18
1024,17 Jan 2022,21:39:45
1025,17 Jan 2022,19:30:18
1026,17 Jan 2022,10:57:26
1027,17 Jan 2022,07:07:39
1028,17 Jan 2022,02:14:05
1029,17 Jan 2022,06:46:33
1030,17 Jan 2022,03:57:15
1031,17 Jan 2022,23:49:17
1032,17 Jan 2022,21:19:25
1033,17 Jan 2022,17:44:47
1034,17 Jan 2022,14:57:23
1035,17 Jan 2022,11:38:42
1036,17 Jan 2022,05:00:21
1037,17 Jan 2022,15:19:01
1038,17 Jan 2022,18:05:46
1039,17 Jan 2022,22:22:31
1040,17 Jan 2022,13:30:04
1041,17 Jan 2022,01:52:32
1042,17 Jan 2022,06:26:26
1043,17 Jan 2022,09:53:32
1044,17 Jan 2022,00:48:14
1045,17 Jan 2022,05:43:53
1046,17 Jan 2022,12:44:38
1047,17 Jan 2022,17:03:58
1048,17 Jan 2022,09:31:26
1049,17 Jan 2022,01:08:30
1050,17 Jan 2022,20:13:06
1051,18 Jan 2022,07:31:59
1052,18 Jan 2022,00:55:40
1053,18 Jan 2022,18:17:46
1054,18 Jan 2022,21:43:52
1055,18 Jan 2022,23:28:26
1056,18 Jan 2022,13:24:42
1057,18 Jan 2022,20:03:51
1058,18 Jan 2022,11:01:47
1059,18 Jan 2022,03:40:50
1060,18 Jan 2022,18:38:37
1061,18 Jan 2022,11:42:55
1062,18 Jan 2022,05:24:45
1063,18 Jan 2022,01:59:24
1064,18 Jan 2022,09:59:45
1065,18 Jan 2022,21:04:21
1066,18 Jan 2022,20:44:19
1067,18 Jan 2022,02:18:46
1068,18 Jan 2022,19:20:11
1069,18 Jan 2022,17:15:13
1070,18 Jan 2022,10:40:27
1071,18 Jan 2022,06:48:28
1072,18 Jan 2022,22:47:38
1073,18 Jan 2022,05:04:36
1074,18 Jan 2022,03:00:32
1075,18 Jan 2022,12:18:47
1076,18 Jan 2022,09:16:27
1077,18 Jan 2022,06:07:17
1078,18 Jan 2022,13:03:34
1079,18 Jan 2022,16:07:36
1080,18 Jan 2022,00:11:58
1081,18 Jan 2022,08:34:11
1082,18 Jan 2022,15:48:17
1083,18 Jan 2022,12:40:56
1084,18 Jan 2022,03:21:39
1085,18 Jan 2022,21:23:53
1086,18 Jan 2022,15:07:36
1087,18 Jan 2022,23:07:40
1088,18 Jan 2022,16:53:10
1089,18 Jan 2022,09:38:40
1090,18 Jan 2022,22:05:29
1091,18 Jan 2022,01:16:58
1092,18 Jan 2022,04:43:12
1093,18 Jan 2022,08:13:46
1094,18 Jan 2022,14:27:33
1095,18 Jan 2022,14:05:35
1096,18 Jan 2022,06:27:52
1097,18 Jan 2022,10:21:04
1098,18 Jan 2022,23:49:40
1099,18 Jan 2022,07:52:30
1100,18 Jan 2022,04:02:12
1101,18 Jan 2022,11:21:40
1102,18 Jan 2022,17:37:12
1103,18 Jan 2022,14:46:28
1104,18 Jan 2022,08:55:47
1105,18 Jan 2022,00:34:57
1106,18 Jan 2022,04:22:56
1107,18 Jan 2022,15:27:43
1108,18 Jan 2022,22:26:11
1109,19 Jan 2022,02:15:17
1110,19 Jan 2022,01:55:28
1111,19 Jan 2022,05:21:51
1112,19 Jan 2022,07:06:38
1113,19 Jan 2022,22:57:15
1114,19 Jan 2022,04:41:18
1115,19 Jan 2022,01:33:37
1116,19 Jan 2022,00:30:27
1117,19 Jan 2022,06:45:38
1118,19 Jan 2022,07:48:51
1119,19 Jan 2022,09:53:50
1120,19 Jan 2022,14:34:13
1121,19 Jan 2022,16:01:37
1122,19 Jan 2022,21:33:50
1123,19 Jan 2022,02:57:20
1124,19 Jan 2022,03:18:49
1125,19 Jan 2022,21:14:25
1126,19 Jan 2022,14:56:27
1127,19 Jan 2022,16:22:20
1128,19 Jan 2022,02:36:23
1129,19 Jan 2022,05:42:49
1130,19 Jan 2022,10:34:36
1131,19 Jan 2022,06:02:24
1132,19 Jan 2022,00:09:50
1133,19 Jan 2022,11:40:18
1134,19 Jan 2022,16:42:22
1135,19 Jan 2022,13:08:32
1136,19 Jan 2022,19:50:58
1137,19 Jan 2022,18:06:32
1138,19 Jan 2022,07:27:40
1139,19 Jan 2022,01:12:38
1140,19 Jan 2022,11:17:47
1141,19 Jan 2022,15:39:18
1142,19 Jan 2022,18:28:04
1143,19 Jan 2022,22:36:29
1144,19 Jan 2022,14:12:49
1145,19 Jan 2022,09:33:57
1146,19 Jan 2022,03:58:39
1147,19 Jan 2022,21:53:35
1148,19 Jan 2022,19:30:23
1149,19 Jan 2022,20:31:23
1150,19 Jan 2022,17:22:17
1151,19 Jan 2022,08:30:45
1152,19 Jan 2022,03:38:52
1153,19 Jan 2022,13:50:29
1154,19 Jan 2022,12:46:35
1155,19 Jan 2022,12:23:22
1156,19 Jan 2022,20:10:35
1157,19 Jan 2022,00:51:32
1158,19 Jan 2022,05:01:29
1159,19 Jan 2022,08:52:09
1160,19 Jan 2022,10:56:47
1161,19 Jan 2022,06:23:36
1162,19 Jan 2022,08:09:26
1163,19 Jan 2022,10:14:22
1164,19 Jan 2022,22:15:22
1165,19 Jan 2022,15:17:04
1166,19 Jan 2022,19:09:40
1167,19 Jan 2022,23:18:32
1168,19 Jan 2022,12:01:19
1169,19 Jan 2022,04:19:51
1170,20 Jan 2022,23:27:57
1171,20 Jan 2022,00:21:06
1172,20 Jan 2022,12:08:36
1173,20 Jan 2022,02:24:01
1174,20 Jan 2022,18:53:25
1175,20 Jan 2022,06:58:01
1176,20 Jan 2022,01:02:45
1177,20 Jan 2022,20:21:01
1178,20 Jan 2022,17:09:15
1179,20 Jan 2022,01:24:15
1180,20 Jan 2022,08:38:32
1181,20 Jan 2022,13:37:50
1182,20 Jan 2022,22:26:36
1183,20 Jan 2022,19:55:52
1184,20 Jan 2022,18:11:26
1185,20 Jan 2022,03:47:18
1186,20 Jan 2022,07:58:53
1187,20 Jan 2022,12:52:15
1188,20 Jan 2022,20:44:24
1189,20 Jan 2022,13:16:59
1190,20 Jan 2022,16:04:38
1191,20 Jan 2022,11:04:59
1192,20 Jan 2022,04:27:15
1193,20 Jan 2022,00:42:08
1194,20 Jan 2022,00:42:08
1195,20 Jan 2022,19:14:01
1196,20 Jan 2022,22:04:41
1197,20 Jan 2022,15:25:01
1198,20 Jan 2022,08:59:49
1199,20 Jan 2022,05:12:25
1200,20 Jan 2022,21:24:09
1201,20 Jan 2022,23:47:55
1202,20 Jan 2022,17:50:05
1203,20 Jan 2022,11:24:59
1204,20 Jan 2022,17:28:37
1205,20 Jan 2022,14:20:57
1206,20 Jan 2022,01:43:39
1207,20 Jan 2022,05:55:46
1208,20 Jan 2022,21:03:39
1209,20 Jan 2022,02:04:08
1210,20 Jan 2022,09:21:50
1211,20 Jan 2022,06:37:32
1212,20 Jan 2022,12:30:59
1213,20 Jan 2022,22:47:26
1214,20 Jan 2022,14:41:55
1215,20 Jan 2022,18:32:30
1216,20 Jan 2022,10:03:07
1217,20 Jan 2022,11:47:31
1218,20 Jan 2022,15:45:03
1219,20 Jan 2022,00:00:17
1220,20 Jan 2022,04:06:44
1221,20 Jan 2022,07:17:57
1222,20 Jan 2022,07:37:37
1223,20 Jan 2022,10:44:35
1224,20 Jan 2022,21:43:55
1225,20 Jan 2022,09:43:03
1226,20 Jan 2022,03:06:05
1227,20 Jan 2022,06:16:38
1228,20 Jan 2022,16:48:03
1229,21 Jan 2022,01:57:23
1230,21 Jan 2022,06:15:59
1231,21 Jan 2022,13:11:00
1232,21 Jan 2022,15:22:43
1233,21 Jan 2022,22:01:21
1234,21 Jan 2022,02:18:58
1235,21 Jan 2022,12:29:47
1236,21 Jan 2022,09:03:38
1237,21 Jan 2022,14:40:09
1238,21 Jan 2022,06:59:18
1239,21 Jan 2022,19:54:31
1240,21 Jan 2022,17:50:18
1241,21 Jan 2022,15:01:17
1242,21 Jan 2022,22:21:13
1243,21 Jan 2022,12:08:57
1244,21 Jan 2022,09:24:08
1245,21 Jan 2022,05:10:23
1246,21 Jan 2022,00:29:42
1247,21 Jan 2022,23:23:16
1248,21 Jan 2022,17:29:06
1249,21 Jan 2022,20:56:49
1250,21 Jan 2022,08:22:26
1251,21 Jan 2022,04:48:00
1252,21 Jan 2022,01:11:31
1253,21 Jan 2022,16:25:35
1254,21 Jan 2022,21:19:18
1255,21 Jan 2022,11:48:20
1256,21 Jan 2022,10:03:46
1257,21 Jan 2022,02:39:59
1258,21 Jan 2022,18:10:17
1259,21 Jan 2022,00:51:24
1260,21 Jan 2022,07:21:31
1261,21 Jan 2022,20:35:40
1262,21 Jan 2022,03:43:43
1263,21 Jan 2022,05:32:15
1264,21 Jan 2022,18:30:35
1265,21 Jan 2022,14:19:55
1266,21 Jan 2022,21:39:48
1267,21 Jan 2022,11:05:59
1268,21 Jan 2022,20:15:46
1269,21 Jan 2022,17:07:57
1270,21 Jan 2022,23:45:25
1271,21 Jan 2022,03:02:12
1272,21 Jan 2022,11:27:42
1273,21 Jan 2022,18:51:26
1274,21 Jan 2022,09:44:18
1275,21 Jan 2022,08:02:30
1276,21 Jan 2022,00:09:17
1277,21 Jan 2022,16:46:25
1278,21 Jan 2022,19:33:56
1279,21 Jan 2022,12:50:52
1280,21 Jan 2022,08:41:33
1281,21 Jan 2022,04:27:39
1282,21 Jan 2022,19:13:23
1283,21 Jan 2022,10:24:18
1284,21 Jan 2022,13:33:05
1285,21 Jan 2022,03:21:59
1286,21 Jan 2022,06:38:01
1287,21 Jan 2022,23:02:36
1288,22 Jan 2022,11:11:10
1289,22 Jan 2022,15:17:58
1290,22 Jan 2022,04:16:54
1291,22 Jan 2022,02:13:08
1292,22 Jan 2022,05:59:27
1293,22 Jan 2022,09:28:49
1294,22 Jan 2022,12:53:24
1295,22 Jan 2022,15:39:43
1296,22 Jan 2022,19:48:33
1297,22 Jan 2022,23:58:14
1298,22 Jan 2022,07:01:21
1299,22 Jan 2022,10:50:36
1300,22 Jan 2022,16:20:13
1301,22 Jan 2022,20:31:53
1302,22 Jan 2022,10:09:09
1303,22 Jan 2022,04:36:51
1304,22 Jan 2022,21:12:20
1305,22 Jan 2022,13:55:19
1306,22 Jan 2022,05:18:08
1307,22 Jan 2022,08:25:46
1308,22 Jan 2022,01:09:53
1309,22 Jan 2022,14:55:29
1310,22 Jan 2022,18:44:49
1311,22 Jan 2022,22:55:25
1312,22 Jan 2022,00:07:17
1313,22 Jan 2022,03:56:42
1314,22 Jan 2022,13:14:55
1315,22 Jan 2022,19:26:46
1316,22 Jan 2022,05:39:36
1317,22 Jan 2022,01:52:21
1318,22 Jan 2022,09:07:23
1319,22 Jan 2022,12:32:55
1320,22 Jan 2022,23:34:33
1321,22 Jan 2022,10:30:11
1322,22 Jan 2022,06:41:18
1323,22 Jan 2022,14:36:08
1324,22 Jan 2022,18:24:43
1325,22 Jan 2022,21:52:48
1326,22 Jan 2022,03:35:40
1327,22 Jan 2022,18:03:13
1328,22 Jan 2022,22:32:41
1329,22 Jan 2022,04:56:48
1330,22 Jan 2022,00:26:32
1331,22 Jan 2022,14:16:03
1332,22 Jan 2022,06:20:11
1333,22 Jan 2022,02:35:00
1334,22 Jan 2022,09:49:01
1335,22 Jan 2022,13:35:00
1336,22 Jan 2022,15:59:53
1337,22 Jan 2022,20:11:32
1338,22 Jan 2022,17:01:28
1339,22 Jan 2022,08:45:55
1340,22 Jan 2022,03:16:34
1341,22 Jan 2022,16:39:54
1342,22 Jan 2022,17:40:52
1343,22 Jan 2022,11:50:53
1344,22 Jan 2022,22:12:42
1345,22 Jan 2022,08:05:49
1346,22 Jan 2022,02:55:47
1347,22 Jan 2022,01:30:46
1348,22 Jan 2022,11:30:27
1349,22 Jan 2022,17:21:40
1350,22 Jan 2022,00:48:54
1351,22 Jan 2022,23:15:27
1352,23 Jan 2022,10:05:53
1353,23 Jan 2022,06:27:07
1354,23 Jan 2022,17:21:50
1355,23 Jan 2022,13:32:36
1356,23 Jan 2022,06:46:39
1357,23 Jan 2022,03:02:29
1358,23 Jan 2022,17:43:36
1359,23 Jan 2022,03:43:38
1360,23 Jan 2022,16:41:01
1361,23 Jan 2022,07:38:09
1362,23 Jan 2022,19:04:56
1363,23 Jan 2022,14:54:41
1364,23 Jan 2022,10:47:17
1365,23 Jan 2022,07:17:13
1366,23 Jan 2022,00:58:05
1367,23 Jan 2022,18:23:46
1368,23 Jan 2022,12:12:24
1369,23 Jan 2022,15:36:44
1370,23 Jan 2022,02:22:44
1371,23 Jan 2022,05:25:27
1372,23 Jan 2022,08:41:02
1373,23 Jan 2022,03:22:27
1374,23 Jan 2022,11:32:25
1375,23 Jan 2022,13:52:48
1376,23 Jan 2022,20:30:20
1377,23 Jan 2022,23:36:33
1378,23 Jan 2022,21:31:15
1379,23 Jan 2022,15:57:40
1380,23 Jan 2022,11:52:37
1381,23 Jan 2022,08:19:57
1382,23 Jan 2022,22:34:15
1383,23 Jan 2022,18:03:19
1384,23 Jan 2022,12:33:29
1385,23 Jan 2022,14:32:38
1386,23 Jan 2022,05:46:31
1387,23 Jan 2022,00:17:52
1388,23 Jan 2022,23:15:50
1389,23 Jan 2022,02:43:42
1390,23 Jan 2022,15:14:23
1391,23 Jan 2022,22:11:58
1392,23 Jan 2022,11:11:04
1393,23 Jan 2022,01:59:21
1394,23 Jan 2022,20:08:58
1395,23 Jan 2022,04:24:50
1396,23 Jan 2022,17:02:08
1397,23 Jan 2022,10:26:34
1398,23 Jan 2022,20:50:45
1399,23 Jan 2022,23:56:05
1400,23 Jan 2022,21:11:15
1401,23 Jan 2022,09:00:57
1402,23 Jan 2022,00:38:00
1403,23 Jan 2022,05:04:43
1404,23 Jan 2022,14:12:37
1405,23 Jan 2022,12:53:07
1406,23 Jan 2022,09:20:53
1407,23 Jan 2022,04:44:40
1408,23 Jan 2022,18:45:03
1409,23 Jan 2022,21:52:06
1410,23 Jan 2022,06:06:48
1411,23 Jan 2022,01:37:30
1412,23 Jan 2022,16:19:40
1413,23 Jan 2022,19:25:10
1414,24 Jan 2022,10:12:53
1415,24 Jan 2022,01:39:16
1416,24 Jan 2022,18:35:38
1417,24 Jan 2022,16:48:51
1418,24 Jan 2022,13:40:03
1419,24 Jan 2022,20:20:48
1420,24 Jan 2022,00:17:47
1421,24 Jan 2022,05:45:49
1422,24 Jan 2022,23:47:02
1423,24 Jan 2022,21:23:31
1424,24 Jan 2022,18:14:11
1425,24 Jan 2022,05:25:46
1426,24 Jan 2022,00:58:37
1427,24 Jan 2022,15:04:43
1428,24 Jan 2022,09:11:11
1429,24 Jan 2022,10:32:05
1430,24 Jan 2022,06:25:41
1431,24 Jan 2022,18:56:31
1432,24 Jan 2022,16:07:39
1433,24 Jan 2022,13:20:01
1434,24 Jan 2022,03:24:47
1435,24 Jan 2022,09:51:51
1436,24 Jan 2022,01:59:50
1437,24 Jan 2022,06:05:27
1438,24 Jan 2022,20:00:18
1439,24 Jan 2022,12:38:14
1440,24 Jan 2022,14:43:57
1441,24 Jan 2022,03:44:52
1442,24 Jan 2022,07:26:42
1443,24 Jan 2022,22:05:16
1444,24 Jan 2022,08:09:03
1445,24 Jan 2022,04:26:14
1446,24 Jan 2022,17:08:39
1447,24 Jan 2022,14:00:17
1448,24 Jan 2022,11:55:50
1449,24 Jan 2022,20:41:16
1450,24 Jan 2022,15:46:14
1451,24 Jan 2022,19:40:13
1452,24 Jan 2022,23:26:49
1453,24 Jan 2022,07:07:00
1454,24 Jan 2022,03:03:52
1455,24 Jan 2022,23:06:40
1456,24 Jan 2022,11:13:50
1457,24 Jan 2022,02:44:18
1458,24 Jan 2022,21:02:35
1459,24 Jan 2022,11:34:01
1460,24 Jan 2022,02:20:28
1461,24 Jan 2022,04:45:51
1462,24 Jan 2022,17:52:26
1463,24 Jan 2022,21:44:46
1464,24 Jan 2022,14:22:30
1465,24 Jan 2022,08:50:44
1466,24 Jan 2022,05:05:46
1467,24 Jan 2022,01:18:35
1468,24 Jan 2022,16:28:33
1469,24 Jan 2022,08:30:10
1470,24 Jan 2022,12:15:50
1471,24 Jan 2022,17:32:05
1472,24 Jan 2022,00:38:13
1473,24 Jan 2022,10:52:32
1474,24 Jan 2022,06:47:03
1475,24 Jan 2022,22:45:32
1476,24 Jan 2022,12:59:13
1477,24 Jan 2022,09:32:42
1478,24 Jan 2022,07:47:51
1479,24 Jan 2022,19:18:21
1480,24 Jan 2022,22:24:37
1481,25 Jan 2022,11:16:11
1482,25 Jan 2022,00:47:45
1483,25 Jan 2022,08:27:48
1484,25 Jan 2022,17:36:27
1485,25 Jan 2022,15:51:52
1486,25 Jan 2022,19:20:29
1487,25 Jan 2022,06:00:34
1488,25 Jan 2022,12:40:59
1489,25 Jan 2022,17:14:47
1490,25 Jan 2022,11:59:42
1491,25 Jan 2022,08:06:09
1492,25 Jan 2022,03:55:01
1493,25 Jan 2022,20:22:12
1494,25 Jan 2022,21:25:57
1495,25 Jan 2022,22:47:27
1496,25 Jan 2022,11:37:53
1497,25 Jan 2022,14:04:46
1498,25 Jan 2022,16:13:22
1499,25 Jan 2022,05:19:06
1500,25 Jan 2022,02:51:26
1501,25 Jan 2022,17:59:25
1502,25 Jan 2022,22:08:31
1503,25 Jan 2022,08:48:04
1504,25 Jan 2022,04:57:40
1505,25 Jan 2022,01:52:10
1506,25 Jan 2022,13:44:31
1507,25 Jan 2022,12:21:12
1508,25 Jan 2022,16:34:46
1509,25 Jan 2022,03:12:39
1510,25 Jan 2022,06:21:47
1511,25 Jan 2022,20:00:57
1512,25 Jan 2022,18:19:54
1513,25 Jan 2022,21:47:28
1514,25 Jan 2022,23:08:11
1515,25 Jan 2022,18:58:47
1516,25 Jan 2022,20:41:36
1517,25 Jan 2022,22:28:36
1518,25 Jan 2022,09:09:39
1519,25 Jan 2022,07:24:59
1520,25 Jan 2022,02:31:40
1521,25 Jan 2022,14:25:48
1522,25 Jan 2022,18:38:29
1523,25 Jan 2022,21:05:12
1524,25 Jan 2022,23:47:48
1525,25 Jan 2022,00:26:51
1526,25 Jan 2022,10:34:10
1527,25 Jan 2022,05:39:13
1528,25 Jan 2022,15:06:32
1529,25 Jan 2022,13:20:28
1530,25 Jan 2022,01:30:38
1531,25 Jan 2022,04:35:43
1532,25 Jan 2022,10:14:07
1533,25 Jan 2022,01:10:39
1534,25 Jan 2022,07:45:42
1535,25 Jan 2022,14:46:30
1536,25 Jan 2022,03:33:08
1537,25 Jan 2022,10:56:29
1538,25 Jan 2022,15:28:29
1539,25 Jan 2022,09:53:59
1540,25 Jan 2022,06:42:25
1541,25 Jan 2022,02:12:32
1542,25 Jan 2022,13:00:29
1543,25 Jan 2022,07:04:41
1544,25 Jan 2022,00:07:51
1545,25 Jan 2022,04:16:26
1546,26 Jan 2022,01:08:41
1547,26 Jan 2022,04:18:49
1548,26 Jan 2022,00:49:01
1549,26 Jan 2022,07:06:40
1550,26 Jan 2022,02:34:00
1551,26 Jan 2022,06:03:57
1552,26 Jan 2022,00:28:45
1553,26 Jan 2022,02:13:50
1554,26 Jan 2022,05:01:09
1555,26 Jan 2022,05:20:49
1556,26 Jan 2022,04:39:52
1557,26 Jan 2022,01:49:04
1558,26 Jan 2022,05:42:36
1559,26 Jan 2022,03:14:53
1560,26 Jan 2022,06:46:51
1561,26 Jan 2022,03:38:41
1562,26 Jan 2022,01:29:00
1563,26 Jan 2022,02:53:57
1564,26 Jan 2022,06:24:37
1565,26 Jan 2022,00:07:44
1566,27 Jan 2022,14:59:26
1567,27 Jan 2022,12:33:24
1568,27 Jan 2022,21:55:41
1569,27 Jan 2022,22:18:10
1570,27 Jan 2022,08:43:56
1571,27 Jan 2022,09:14:04
1572,27 Jan 2022,08:10:20
1573,27 Jan 2022,18:45:39
1574,27 Jan 2022,12:14:18
1575,27 Jan 2022,17:44:34
1576,27 Jan 2022,20:07:22
1577,27 Jan 2022,12:54:23
1578,27 Jan 2022,16:42:49
1579,27 Jan 2022,09:47:56
1580,27 Jan 2022,16:21:42
1581,27 Jan 2022,13:56:05
1582,27 Jan 2022,10:50:59
1583,27 Jan 2022,23:19:59
1584,27 Jan 2022,21:32:01
1585,27 Jan 2022,23:00:25
1586,27 Jan 2022,15:40:00
1587,27 Jan 2022,19:27:32
1588,27 Jan 2022,14:15:24
1589,27 Jan 2022,11:54:30
1590,27 Jan 2022,20:47:49
1591,27 Jan 2022,11:32:32
1592,27 Jan 2022,17:03:07
1593,27 Jan 2022,10:30:13
1594,27 Jan 2022,22:40:25
1595,27 Jan 2022,16:00:54
1596,27 Jan 2022,13:14:20
1597,27 Jan 2022,18:24:54
1598,27 Jan 2022,15:19:35
1599,27 Jan 2022,18:03:28
1600,27 Jan 2022,07:39:10
1601,27 Jan 2022,07:14:26
1602,27 Jan 2022,17:23:48
1603,27 Jan 2022,21:09:43
1604,27 Jan 2022,13:34:39
1605,27 Jan 2022,10:09:23
1606,27 Jan 2022,11:11:23
1607,27 Jan 2022,14:39:07
1608,27 Jan 2022,19:47:01
1609,28 Jan 2022,06:38:27
1610,28 Jan 2022,02:49:01
1611,28 Jan 2022,21:27:09
1612,28 Jan 2022,09:30:13
1613,28 Jan 2022,04:51:49
1614,28 Jan 2022,01:03:10
1615,28 Jan 2022,15:13:00
1616,28 Jan 2022,12:19:47
1617,28 Jan 2022,02:05:07
1618,28 Jan 2022,05:57:10
1619,28 Jan 2022,03:29:29
1620,28 Jan 2022,15:54:23
1621,28 Jan 2022,17:38:57
1622,28 Jan 2022,07:43:14
1623,28 Jan 2022,11:39:05
1624,28 Jan 2022,14:29:58
1625,28 Jan 2022,11:59:39
1626,28 Jan 2022,05:11:28
1627,28 Jan 2022,01:44:41
1628,28 Jan 2022,23:33:59
1629,28 Jan 2022,17:59:28
1630,28 Jan 2022,21:07:14
1631,28 Jan 2022,02:25:52
1632,28 Jan 2022,10:56:30
1633,28 Jan 2022,19:02:01
1634,28 Jan 2022,22:31:58
1635,28 Jan 2022,14:50:55
1636,28 Jan 2022,01:24:44
1637,28 Jan 2022,11:17:34
1638,28 Jan 2022,22:06:49
1639,28 Jan 2022,19:22:28
1640,28 Jan 2022,20:47:42
1641,28 Jan 2022,13:45:20
1642,28 Jan 2022,18:19:58
1643,28 Jan 2022,10:10:39
1644,28 Jan 2022,06:17:58
1645,28 Jan 2022,03:10:36
1646,28 Jan 2022,05:35:54
1647,28 Jan 2022,08:46:35
1648,28 Jan 2022,19:42:08
1649,28 Jan 2022,16:56:40
1650,28 Jan 2022,16:36:02
1651,28 Jan 2022,14:08:40
1652,28 Jan 2022,04:32:06
1653,28 Jan 2022,00:22:15
1654,28 Jan 2022,08:25:55
1655,28 Jan 2022,20:03:14
1656,28 Jan 2022,22:52:37
1657,28 Jan 2022,23:54:56
1658,28 Jan 2022,12:40:46
1659,28 Jan 2022,18:41:12
1660,28 Jan 2022,09:07:58
1661,28 Jan 2022,00:43:27
1662,28 Jan 2022,07:23:39
1663,28 Jan 2022,00:01:07
1664,28 Jan 2022,04:11:51
1665,28 Jan 2022,15:33:20
1666,28 Jan 2022,13:25:32
1667,28 Jan 2022,10:36:09
1668,28 Jan 2022,07:03:09
1669,28 Jan 2022,16:14:11
1670,28 Jan 2022,21:46:51
1671,28 Jan 2022,03:49:48
1672,28 Jan 2022,13:04:15
1673,28 Jan 2022,17:17:25
1674,28 Jan 2022,20:23:49
1675,29 Jan 2022,21:56:29
1676,29 Jan 2022,13:15:41
1677,29 Jan 2022,08:36:43
1678,29 Jan 2022,04:25:48
1679,29 Jan 2022,01:00:47
1680,29 Jan 2022,12:26:54
1681,29 Jan 2022,16:08:50
1682,29 Jan 2022,09:38:52
1683,29 Jan 2022,06:52:22
1684,29 Jan 2022,15:02:37
1685,29 Jan 2022,22:38:45
1686,29 Jan 2022,06:10:16
1687,29 Jan 2022,19:30:21
1688,29 Jan 2022,22:59:50
1689,29 Jan 2022,15:23:07
1690,29 Jan 2022,10:18:30
1691,29 Jan 2022,16:50:40
1692,29 Jan 2022,22:16:18
1693,29 Jan 2022,00:15:30
1694,29 Jan 2022,06:31:35
1695,29 Jan 2022,07:31:27
1696,29 Jan 2022,01:21:57
1697,29 Jan 2022,11:44:54
1698,29 Jan 2022,03:45:38
1699,29 Jan 2022,07:11:40
1700,29 Jan 2022,15:43:54
1701,29 Jan 2022,23:21:24
1702,29 Jan 2022,02:43:41
1703,29 Jan 2022,05:50:34
1704,29 Jan 2022,17:32:02
1705,29 Jan 2022,09:17:29
1706,29 Jan 2022,12:05:06
1707,29 Jan 2022,04:05:06
1708,29 Jan 2022,11:23:30
1709,29 Jan 2022,02:23:48
1710,29 Jan 2022,23:41:07
1711,29 Jan 2022,20:13:28
1712,29 Jan 2022,01:41:57
1713,29 Jan 2022,07:51:28
1714,29 Jan 2022,14:40:46
1715,29 Jan 2022,16:29:54
1716,29 Jan 2022,21:34:54
1717,29 Jan 2022,05:06:18
1718,29 Jan 2022,02:03:04
1719,29 Jan 2022,20:34:53
1720,29 Jan 2022,10:39:45
1721,29 Jan 2022,17:52:27
1722,29 Jan 2022,05:25:55
1723,29 Jan 2022,09:59:27
1724,29 Jan 2022,00:40:25
1725,29 Jan 2022,20:54:51
1726,29 Jan 2022,13:40:52
1727,29 Jan 2022,08:56:24
1728,29 Jan 2022,03:25:10
1729,29 Jan 2022,04:45:36
1730,29 Jan 2022,03:05:20
1731,29 Jan 2022,08:14:52
1732,29 Jan 2022,21:14:57
1733,29 Jan 2022,12:46:50
1734,30 Jan 2022,03:25:46
1735,30 Jan 2022,13:49:57
1736,30 Jan 2022,21:52:15
1737,30 Jan 2022,12:04:34
1738,30 Jan 2022,04:31:38
1739,30 Jan 2022,23:39:12
1740,30 Jan 2022,07:57:01
1741,30 Jan 2022,00:02:20
1742,30 Jan 2022,17:59:44
1743,30 Jan 2022,15:36:30
1744,30 Jan 2022,11:22:46
1745,30 Jan 2022,21:28:53
1746,30 Jan 2022,07:15:08
1747,30 Jan 2022,22:33:59
1748,30 Jan 2022,06:31:36
1749,30 Jan 2022,01:24:12
1750,30 Jan 2022,10:21:48
1751,30 Jan 2022,02:26:32
1752,30 Jan 2022,19:25:10
1753,30 Jan 2022,04:11:40
1754,30 Jan 2022,07:35:33
1755,30 Jan 2022,14:09:51
1756,30 Jan 2022,11:02:59
1757,30 Jan 2022,20:48:58
1758,30 Jan 2022,10:43:35
1759,30 Jan 2022,06:54:47
1760,30 Jan 2022,03:05:28
1761,30 Jan 2022,18:43:17
1762,30 Jan 2022,10:00:45
1763,30 Jan 2022,01:04:13
1764,30 Jan 2022,19:46:15
1765,30 Jan 2022,12:26:50
1766,30 Jan 2022,16:16:20
1767,30 Jan 2022,08:57:50
1768,30 Jan 2022,05:11:57
1769,30 Jan 2022,12:47:55
1770,30 Jan 2022,17:18:08
1771,30 Jan 2022,20:28:55
1772,30 Jan 2022,09:19:58
1773,30 Jan 2022,05:32:52
1774,30 Jan 2022,02:45:26
1775,30 Jan 2022,15:16:39
1776,30 Jan 2022,11:43:54
1777,30 Jan 2022,22:14:02
1778,30 Jan 2022,04:51:57
1779,30 Jan 2022,00:22:03
1780,30 Jan 2022,15:55:46
1781,30 Jan 2022,19:04:34
1782,30 Jan 2022,13:08:56
1783,30 Jan 2022,09:40:45
1784,30 Jan 2022,05:52:15
1785,30 Jan 2022,02:05:01
1786,30 Jan 2022,23:15:24
1787,30 Jan 2022,20:07:59
1788,30 Jan 2022,06:11:47
1789,30 Jan 2022,01:44:14
1790,30 Jan 2022,14:56:09
1791,30 Jan 2022,21:09:11
1792,30 Jan 2022,03:50:10
1793,30 Jan 2022,16:57:55
1794,31 Jan 2022,19:46:18
1795,31 Jan 2022,23:12:04
1796,31 Jan 2022,14:27:42
1797,31 Jan 2022,03:25:02
1798,31 Jan 2022,08:11:17
1799,31 Jan 2022,12:01:39
1800,31 Jan 2022,08:31:08
1801,31 Jan 2022,20:28:06
1802,31 Jan 2022,11:41:22
1803,31 Jan 2022,15:30:54
1804,31 Jan 2022,08:51:20
1805,31 Jan 2022,17:35:04
1806,31 Jan 2022,02:44:48
1807,31 Jan 2022,07:31:03
1808,31 Jan 2022,10:37:02
1809,31 Jan 2022,21:08:26
1810,31 Jan 2022,23:36:31
1811,31 Jan 2022,21:49:54
1812,31 Jan 2022,15:09:26
1813,31 Jan 2022,00:40:40
1814,31 Jan 2022,04:29:41
1815,31 Jan 2022,22:51:54
1816,31 Jan 2022,17:14:35
1817,31 Jan 2022,03:45:16
1818,31 Jan 2022,22:30:52
1819,31 Jan 2022,18:59:13
1820,31 Jan 2022,05:48:26
1821,31 Jan 2022,01:20:07
1822,31 Jan 2022,16:53:55
1823,31 Jan 2022,09:55:02
1824,31 Jan 2022,07:50:03
1825,31 Jan 2022,15:52:01
1826,31 Jan 2022,13:05:26
1827,31 Jan 2022,04:05:49
1828,31 Jan 2022,09:30:26
1829,31 Jan 2022,05:28:45
1830,31 Jan 2022,01:40:31
1831,31 Jan 2022,17:57:12
1832,31 Jan 2022,21:27:29
1833,31 Jan 2022,07:10:19
1834,31 Jan 2022,11:19:54
1835,31 Jan 2022,03:04:49
1836,31 Jan 2022,20:06:08
1837,31 Jan 2022,23:57:07
1838,31 Jan 2022,10:58:59
1839,31 Jan 2022,06:09:48
1840,31 Jan 2022,22:09:27
1841,31 Jan 2022,22:09:27
1842,31 Jan 2022,18:18:39
1843,31 Jan 2022,14:49:14
1844,31 Jan 2022,06:30:14
1845,31 Jan 2022,00:20:16
1846,31 Jan 2022,19:25:16
1847,31 Jan 2022,12:42:42
1848,31 Jan 2022,16:34:04
1849,31 Jan 2022,02:04:00
1850,31 Jan 2022,09:10:51
1851,31 Jan 2022,14:07:33
1852,31 Jan 2022,02:24:53
1853,31 Jan 2022,06:50:14
1854,31 Jan 2022,10:16:51
1855,31 Jan 2022,18:37:47
1856,31 Jan 2022,13:47:09
1857,31 Jan 2022,16:13:21
1858,31 Jan 2022,05:08:58
1859,01 Feb 2022,14:41:48
1860,01 Feb 2022,17:28:44
1861,01 Feb 2022,19:51:07
1862,01 Feb 2022,07:26:39
1863,01 Feb 2022,05:20:47
1864,01 Feb 2022,00:58:08
1865,01 Feb 2022,15:03:14
1866,01 Feb 2022,10:11:02
1867,01 Feb 2022,08:07:57
1868,01 Feb 2022,23:19:34
1869,01 Feb 2022,19:29:47
1870,01 Feb 2022,02:59:52
1871,01 Feb 2022,08:48:25
1872,01 Feb 2022,18:29:17
1873,01 Feb 2022,11:14:33
1874,01 Feb 2022,23:39:29
1875,01 Feb 2022,20:11:54
1876,01 Feb 2022,16:46:40
1877,01 Feb 2022,14:00:03
1878,01 Feb 2022,10:53:39
1879,01 Feb 2022,08:29:14
1880,01 Feb 2022,01:58:34
1881,01 Feb 2022,07:01:46
1882,01 Feb 2022,02:38:51
1883,01 Feb 2022,16:04:00
1884,01 Feb 2022,21:58:36
1885,01 Feb 2022,12:39:22
1886,01 Feb 2022,00:36:31
1887,01 Feb 2022,04:41:40
1888,01 Feb 2022,09:29:59
1889,01 Feb 2022,22:59:11
1890,01 Feb 2022,06:20:36
1891,01 Feb 2022,01:18:41
1892,01 Feb 2022,09:09:44
1893,01 Feb 2022,05:41:26
1894,01 Feb 2022,01:38:01
1895,01 Feb 2022,03:41:04
1896,01 Feb 2022,10:32:29
1897,01 Feb 2022,09:51:31
1898,01 Feb 2022,06:00:26
1899,01 Feb 2022,21:35:38
1900,01 Feb 2022,16:26:28
1901,01 Feb 2022,13:01:35
1902,01 Feb 2022,09:51:31
1903,01 Feb 2022,14:00:03
1904,01 Feb 2022,08:48:25
1905,01 Feb 2022,05:01:34
1906,01 Feb 2022,22:18:46
1907,01 Feb 2022,00:17:01
1908,01 Feb 2022,04:21:03
1909,01 Feb 2022,11:35:28
1910,01 Feb 2022,15:42:55
1911,01 Feb 2022,07:46:19
1912,01 Feb 2022,04:01:08
1913,01 Feb 2022,17:47:51
1914,01 Feb 2022,15:23:05
1915,01 Feb 2022,03:20:48
1916,01 Feb 2022,13:40:04
1917,01 Feb 2022,14:20:03
1918,01 Feb 2022,17:08:31
1919,01 Feb 2022,11:57:31
1920,01 Feb 2022,06:41:50
1921,01 Feb 2022,02:19:27
1922,01 Feb 2022,23:59:16
1923,02 Feb 2022,18:03:39
1924,02 Feb 2022,02:24:23
1925,02 Feb 2022,05:49:45
1926,02 Feb 2022,03:27:02
1927,02 Feb 2022,11:18:08
1928,02 Feb 2022,23:47:52
1929,02 Feb 2022,17:20:49
1930,02 Feb 2022,14:27:26
1931,02 Feb 2022,05:06:51
1932,02 Feb 2022,00:19:10
1933,02 Feb 2022,21:17:04
1934,02 Feb 2022,06:29:37
1935,02 Feb 2022,02:03:54
1936,02 Feb 2022,13:44:06
1937,02 Feb 2022,13:44:06
1938,02 Feb 2022,12:38:47
1939,02 Feb 2022,12:38:47
1940,02 Feb 2022,23:07:23
1941,02 Feb 2022,20:55:14
1942,02 Feb 2022,08:34:16
1943,02 Feb 2022,12:18:51
1944,02 Feb 2022,04:46:52
1945,02 Feb 2022,18:44:47
1946,02 Feb 2022,21:38:20
1947,02 Feb 2022,17:42:51
1948,02 Feb 2022,16:14:01
1949,02 Feb 2022,12:59:36
1950,02 Feb 2022,10:37:42
1951,02 Feb 2022,01:19:50
1952,02 Feb 2022,06:09:03
1953,02 Feb 2022,16:35:45
1954,02 Feb 2022,14:06:26
1955,02 Feb 2022,06:49:03
1956,02 Feb 2022,22:44:35
1957,02 Feb 2022,20:34:35
1958,02 Feb 2022,07:08:50
1959,02 Feb 2022,10:17:03
1960,02 Feb 2022,05:27:00
1961,02 Feb 2022,01:00:34
1962,02 Feb 2022,09:36:39
1963,02 Feb 2022,00:39:59
1964,02 Feb 2022,19:05:41
1965,02 Feb 2022,15:08:01
1966,02 Feb 2022,22:20:47
1967,02 Feb 2022,18:24:47
1968,02 Feb 2022,03:05:18
1969,02 Feb 2022,15:51:48
1970,02 Feb 2022,08:54:52
1971,02 Feb 2022,04:26:53
1972,02 Feb 2022,19:49:40
1973,02 Feb 2022,23:28:46
1974,02 Feb 2022,04:07:14
1975,02 Feb 2022,20:11:55
1976,02 Feb 2022,14:47:45
1977,02 Feb 2022,07:29:58
1978,02 Feb 2022,11:38:27
1979,02 Feb 2022,22:00:18
1980,02 Feb 2022,11:58:57
1981,02 Feb 2022,10:58:21
1982,02 Feb 2022,01:41:10
1983,02 Feb 2022,07:53:10
1984,02 Feb 2022,13:22:28
1985,02 Feb 2022,16:57:43
1986,02 Feb 2022,08:13:56
1987,02 Feb 2022,03:46:48
1988,03 Feb 2022,09:58:11
1989,03 Feb 2022,06:06:06
1990,03 Feb 2022,02:57:01
1991,03 Feb 2022,23:10:55
1992,03 Feb 2022,00:09:34
1993,03 Feb 2022,08:54:35
1994,03 Feb 2022,08:11:45
1995,03 Feb 2022,03:18:05
1996,03 Feb 2022,16:53:33
1997,03 Feb 2022,10:40:38
1998,03 Feb 2022,07:09:42
1999,03 Feb 2022,00:29:58
2000,03 Feb 2022,18:16:24
2001,03 Feb 2022,13:54:16
2002,03 Feb 2022,19:42:40
2003,03 Feb 2022,23:55:40
2004,03 Feb 2022,15:36:39
2005,03 Feb 2022,01:32:10
2006,03 Feb 2022,18:37:10
2007,03 Feb 2022,12:49:12
2008,03 Feb 2022,09:37:37
2009,03 Feb 2022,15:16:50
2010,03 Feb 2022,01:53:00
2011,03 Feb 2022,05:44:21
2012,03 Feb 2022,17:55:08
2013,03 Feb 2022,21:26:47
2014,03 Feb 2022,10:18:37
2015,03 Feb 2022,06:48:02
2016,03 Feb 2022,01:11:09
2017,03 Feb 2022,22:07:44
2018,03 Feb 2022,14:56:20
2019,03 Feb 2022,11:03:16
2020,03 Feb 2022,03:58:52
2021,03 Feb 2022,13:33:07
2022,03 Feb 2022,19:22:07
2023,03 Feb 2022,16:31:39
2024,03 Feb 2022,23:30:41
2025,03 Feb 2022,11:44:55
2026,03 Feb 2022,14:34:45
2027,03 Feb 2022,04:40:50
2028,03 Feb 2022,08:33:02
2029,03 Feb 2022,11:23:34
2030,03 Feb 2022,07:30:40
2031,03 Feb 2022,20:45:59
2032,03 Feb 2022,12:08:10
2033,03 Feb 2022,03:38:32
2034,03 Feb 2022,09:16:05
2035,03 Feb 2022,06:27:20
2036,03 Feb 2022,04:19:50
2037,03 Feb 2022,14:14:36
2038,03 Feb 2022,17:13:37
2039,03 Feb 2022,20:24:36
2040,03 Feb 2022,21:06:23
2041,03 Feb 2022,12:28:48
2042,03 Feb 2022,17:33:36
2043,03 Feb 2022,07:52:38
2044,03 Feb 2022,02:14:04
2045,03 Feb 2022,05:01:50
2046,03 Feb 2022,02:33:45
2047,03 Feb 2022,16:12:16
2048,03 Feb 2022,22:50:29
2049,03 Feb 2022,22:29:34
2050,03 Feb 2022,13:10:20
2051,03 Feb 2022,05:22:33
2052,03 Feb 2022,00:50:21
2053,04 Feb 2022,10:33:15
2054,04 Feb 2022,05:26:08
2055,04 Feb 2022,01:17:26
2056,04 Feb 2022,01:17:26
2057,04 Feb 2022,01:17:26
2058,04 Feb 2022,23:20:02
2059,04 Feb 2022,20:13:21
2060,04 Feb 2022,21:36:32
2061,04 Feb 2022,07:13:56
2062,04 Feb 2022,02:41:52
2063,04 Feb 2022,02:22:10
2064,04 Feb 2022,18:11:13
2065,04 Feb 2022,14:23:50
2066,04 Feb 2022,02:02:07
2067,04 Feb 2022,15:42:24
2068,04 Feb 2022,22:59:45
2069,04 Feb 2022,18:52:07
2070,04 Feb 2022,09:02:28
2071,04 Feb 2022,16:45:49
2072,04 Feb 2022,13:43:28
2073,04 Feb 2022,04:24:35
2074,04 Feb 2022,21:14:54
2075,04 Feb 2022,22:38:46
2076,04 Feb 2022,19:11:23
2077,04 Feb 2022,16:24:18
2078,04 Feb 2022,13:02:46
2079,04 Feb 2022,01:41:41
2080,04 Feb 2022,06:30:26
2081,04 Feb 2022,10:12:57
2082,04 Feb 2022,11:14:45
2083,04 Feb 2022,03:43:25
2084,04 Feb 2022,17:48:56
2085,04 Feb 2022,20:33:33
2086,04 Feb 2022,05:47:48
2087,04 Feb 2022,13:23:28
2088,04 Feb 2022,16:03:06
2089,04 Feb 2022,06:08:25
2090,04 Feb 2022,06:51:55
2091,04 Feb 2022,12:18:44
2092,04 Feb 2022,23:39:47
2093,04 Feb 2022,15:21:51
2094,04 Feb 2022,23:59:48
2095,04 Feb 2022,07:58:31
2096,04 Feb 2022,04:03:26
2097,04 Feb 2022,20:53:57
2098,04 Feb 2022,15:01:33
2099,04 Feb 2022,11:56:06
2100,04 Feb 2022,08:39:43
2101,04 Feb 2022,00:14:51
2102,04 Feb 2022,21:58:06
2103,04 Feb 2022,12:40:14
2104,04 Feb 2022,09:53:25
2105,04 Feb 2022,05:05:33
2106,04 Feb 2022,19:32:28
2107,04 Feb 2022,07:36:48
2108,04 Feb 2022,03:22:56
2109,04 Feb 2022,10:53:33
2110,04 Feb 2022,19:53:18
2111,04 Feb 2022,17:06:00
2112,04 Feb 2022,09:22:18
2113,04 Feb 2022,08:19:56
2114,04 Feb 2022,04:44:00
2115,04 Feb 2022,11:34:53
2116,04 Feb 2022,17:28:36
2117,04 Feb 2022,22:18:11
2118,04 Feb 2022,18:32:14
2119,04 Feb 2022,00:36:13
2120,05 Feb 2022,02:23:50
2121,05 Feb 2022,06:11:47
2122,05 Feb 2022,16:57:20
2123,05 Feb 2022,12:38:48
2124,05 Feb 2022,22:04:21
2125,05 Feb 2022,08:58:19
2126,05 Feb 2022,04:27:33
2127,05 Feb 2022,19:32:31
2128,05 Feb 2022,14:02:37
2129,05 Feb 2022,04:07:43
2130,05 Feb 2022,09:20:00
2131,05 Feb 2022,13:21:41
2132,05 Feb 2022,18:26:57
2133,05 Feb 2022,17:18:50
2134,05 Feb 2022,23:06:28
2135,05 Feb 2022,18:49:03
2136,05 Feb 2022,15:06:18
2137,05 Feb 2022,02:44:49
2138,05 Feb 2022,07:13:16
2139,05 Feb 2022,16:13:48
2140,05 Feb 2022,10:23:15
2141,05 Feb 2022,06:31:51
2142,05 Feb 2022,00:19:48
2143,05 Feb 2022,03:05:11
2144,05 Feb 2022,10:44:10
2145,05 Feb 2022,06:54:02
2146,05 Feb 2022,21:00:57
2147,05 Feb 2022,13:42:35
2148,05 Feb 2022,09:41:44
2149,05 Feb 2022,01:02:56
2150,05 Feb 2022,23:52:26
2151,05 Feb 2022,22:46:12
2152,05 Feb 2022,04:48:33
2153,05 Feb 2022,08:16:19
2154,05 Feb 2022,12:59:31
2155,05 Feb 2022,00:41:35
2156,05 Feb 2022,11:49:33
2157,05 Feb 2022,19:53:24
2158,05 Feb 2022,15:49:47
2159,05 Feb 2022,15:27:22
2160,05 Feb 2022,05:30:29
2161,05 Feb 2022,03:26:17
2162,05 Feb 2022,22:25:41
2163,05 Feb 2022,03:45:53
2164,05 Feb 2022,08:36:34
2165,05 Feb 2022,21:21:00
2166,05 Feb 2022,14:45:05
2167,05 Feb 2022,07:54:33
2168,05 Feb 2022,02:04:37
2169,05 Feb 2022,11:06:42
2170,05 Feb 2022,23:28:09
2171,05 Feb 2022,05:09:14
2172,05 Feb 2022,01:22:48
2173,05 Feb 2022,19:10:59
2174,05 Feb 2022,10:02:46
2175,05 Feb 2022,14:23:05
2176,05 Feb 2022,20:38:54
2177,05 Feb 2022,16:37:01
2178,05 Feb 2022,01:44:15
2179,05 Feb 2022,07:34:06
2180,05 Feb 2022,12:09:16
2181,06 Feb 2022,22:23:25
2182,06 Feb 2022,19:11:29
2183,06 Feb 2022,10:15:40
2184,06 Feb 2022,04:31:37
2185,06 Feb 2022,18:49:19
2186,06 Feb 2022,09:08:58
2187,06 Feb 2022,05:36:23
2188,06 Feb 2022,04:09:51
2189,06 Feb 2022,12:24:37
2190,06 Feb 2022,15:14:02
2191,06 Feb 2022,09:52:35
2192,06 Feb 2022,05:15:32
2193,06 Feb 2022,23:48:11
2194,06 Feb 2022,19:51:24
2195,06 Feb 2022,03:04:07
2196,06 Feb 2022,07:02:14
2197,06 Feb 2022,06:19:13
2198,06 Feb 2022,05:58:49
2199,06 Feb 2022,03:26:05
2200,06 Feb 2022,16:18:21
2201,06 Feb 2022,20:36:10
2202,06 Feb 2022,22:02:11
2203,06 Feb 2022,00:15:13
2204,06 Feb 2022,04:54:08
2205,06 Feb 2022,02:41:27
2206,06 Feb 2022,13:52:37
2207,06 Feb 2022,20:14:28
2208,06 Feb 2022,13:08:30
2209,06 Feb 2022,15:35:50
2210,06 Feb 2022,00:35:22
2211,06 Feb 2022,10:36:33
2212,06 Feb 2022,18:27:23
2213,06 Feb 2022,12:46:10
2214,06 Feb 2022,22:43:15
2215,06 Feb 2022,08:28:22
2216,06 Feb 2022,00:55:33
2217,06 Feb 2022,11:40:15
2218,06 Feb 2022,07:44:33
2219,06 Feb 2022,21:18:22
2220,06 Feb 2022,17:23:18
2221,06 Feb 2022,17:45:15
2222,06 Feb 2022,02:19:20
2223,06 Feb 2022,08:06:34
2224,06 Feb 2022,07:23:48
2225,06 Feb 2022,01:15:22
2226,06 Feb 2022,13:29:34
2227,06 Feb 2022,15:57:02
2228,06 Feb 2022,23:26:38
2229,06 Feb 2022,14:13:09
2230,06 Feb 2022,17:01:55
2231,06 Feb 2022,10:57:16
2232,06 Feb 2022,06:40:28
2233,06 Feb 2022,09:29:45
2234,06 Feb 2022,19:31:46
2235,06 Feb 2022,23:03:24
2236,06 Feb 2022,12:01:09
2237,06 Feb 2022,03:48:09
2238,06 Feb 2022,18:05:38
2239,06 Feb 2022,21:40:20
2240,06 Feb 2022,01:37:48
2241,06 Feb 2022,08:49:24
2242,06 Feb 2022,11:17:29
2243,06 Feb 2022,14:53:55
2244,06 Feb 2022,20:57:21
2245,07 Feb 2022,19:08:22
2246,07 Feb 2022,15:39:33
2247,07 Feb 2022,12:54:44
2248,07 Feb 2022,02:56:18
2249,07 Feb 2022,06:52:19
2250,07 Feb 2022,07:37:56
2251,07 Feb 2022,11:07:41
2252,07 Feb 2022,20:33:05
2253,07 Feb 2022,18:26:25
2254,07 Feb 2022,21:56:09
2255,07 Feb 2022,08:21:27
2256,07 Feb 2022,01:31:14
2257,07 Feb 2022,14:17:19
2258,07 Feb 2022,10:44:39
2259,07 Feb 2022,17:23:39
2260,07 Feb 2022,03:17:37
2261,07 Feb 2022,07:15:02
2262,07 Feb 2022,16:22:05
2263,07 Feb 2022,05:46:38
2264,07 Feb 2022,01:52:07
2265,07 Feb 2022,19:29:56
2266,07 Feb 2022,23:39:48
2267,07 Feb 2022,08:41:56
2268,07 Feb 2022,01:10:23
2269,07 Feb 2022,16:00:27
2270,07 Feb 2022,19:50:00
2271,07 Feb 2022,22:58:35
2272,07 Feb 2022,09:22:22
2273,07 Feb 2022,00:28:49
2274,07 Feb 2022,05:04:58
2275,07 Feb 2022,22:17:43
2276,07 Feb 2022,09:01:48
2277,07 Feb 2022,04:21:46
2278,07 Feb 2022,12:33:21
2279,07 Feb 2022,15:17:53
2280,07 Feb 2022,12:12:01
2281,07 Feb 2022,00:07:27
2282,07 Feb 2022,04:43:11
2283,07 Feb 2022,23:19:04
2284,07 Feb 2022,11:28:16
2285,07 Feb 2022,03:38:34
2286,07 Feb 2022,16:42:30
2287,07 Feb 2022,10:24:45
2288,07 Feb 2022,00:49:30
2289,07 Feb 2022,14:37:43
2290,07 Feb 2022,20:10:48
2291,07 Feb 2022,05:24:03
2292,07 Feb 2022,21:16:13
2293,07 Feb 2022,17:44:28
2294,07 Feb 2022,09:42:03
2295,07 Feb 2022,13:56:01
2296,07 Feb 2022,10:03:03
2297,07 Feb 2022,06:08:43
2298,07 Feb 2022,04:01:00
2299,07 Feb 2022,13:15:20
2300,07 Feb 2022,22:36:36
2301,07 Feb 2022,02:12:50
2302,07 Feb 2022,08:00:22
2303,07 Feb 2022,11:48:35
2304,07 Feb 2022,14:56:26
2305,07 Feb 2022,18:47:13
2306,07 Feb 2022,21:36:22
2307,07 Feb 2022,20:53:57
2308,07 Feb 2022,06:30:45
2309,07 Feb 2022,17:04:03
2310,07 Feb 2022,13:36:08
2311,08 Feb 2022,13:55:21
2312,08 Feb 2022,01:45:35
2313,08 Feb 2022,12:06:35
2314,08 Feb 2022,17:44:12
2315,08 Feb 2022,09:21:07
2316,08 Feb 2022,05:31:55
2317,08 Feb 2022,21:33:52
2318,08 Feb 2022,20:30:36
2319,08 Feb 2022,23:38:53
2320,08 Feb 2022,11:04:09
2321,08 Feb 2022,07:57:00
2322,08 Feb 2022,04:09:13
2323,08 Feb 2022,00:01:54
2324,08 Feb 2022,05:10:09
2325,08 Feb 2022,08:40:10
2326,08 Feb 2022,19:06:59
2327,08 Feb 2022,22:15:30
2328,08 Feb 2022,02:07:44
2329,08 Feb 2022,16:00:43
2330,08 Feb 2022,07:36:44
2331,08 Feb 2022,01:06:31
2332,08 Feb 2022,16:21:03
2333,08 Feb 2022,23:58:57
2334,08 Feb 2022,20:07:55
2335,08 Feb 2022,17:23:45
2336,08 Feb 2022,14:16:29
2337,08 Feb 2022,07:16:09
2338,08 Feb 2022,10:21:13
2339,08 Feb 2022,02:46:23
2340,08 Feb 2022,21:12:38
2341,08 Feb 2022,19:47:36
2342,08 Feb 2022,22:55:09
2343,08 Feb 2022,14:57:52
2344,08 Feb 2022,12:28:39
2345,08 Feb 2022,08:59:56
2346,08 Feb 2022,17:02:09
2347,08 Feb 2022,03:29:00
2348,08 Feb 2022,11:46:47
2349,08 Feb 2022,08:20:16
2350,08 Feb 2022,01:26:28
2351,08 Feb 2022,20:51:58
2352,08 Feb 2022,21:54:14
2353,08 Feb 2022,04:30:20
2354,08 Feb 2022,14:38:47
2355,08 Feb 2022,18:05:40
2356,08 Feb 2022,11:27:02
2357,08 Feb 2022,15:18:18
2358,08 Feb 2022,13:13:32
2359,08 Feb 2022,02:27:21
2360,08 Feb 2022,04:50:16
2361,08 Feb 2022,18:26:04
2362,08 Feb 2022,15:39:18
2363,08 Feb 2022,12:51:37
2364,08 Feb 2022,18:45:46
2365,08 Feb 2022,05:51:36
2366,08 Feb 2022,03:08:45
2367,08 Feb 2022,09:41:35
2368,08 Feb 2022,23:16:42
2369,08 Feb 2022,06:13:51
2370,08 Feb 2022,03:49:40
2371,08 Feb 2022,13:33:22
2372,08 Feb 2022,06:55:16
2373,08 Feb 2022,00:21:25
2374,08 Feb 2022,19:26:24
2375,08 Feb 2022,16:41:27
2376,08 Feb 2022,22:34:40
2377,08 Feb 2022,06:35:29
2378,08 Feb 2022,10:01:12
2379,09 Feb 2022,09:35:10
2380,09 Feb 2022,06:10:07
2381,09 Feb 2022,02:20:41
2382,09 Feb 2022,17:57:01
2383,09 Feb 2022,13:33:46
2384,09 Feb 2022,16:05:30
2385,09 Feb 2022,03:47:57
2386,09 Feb 2022,10:59:33
2387,09 Feb 2022,22:37:54
2388,09 Feb 2022,20:48:42
2389,09 Feb 2022,17:34:26
2390,09 Feb 2022,12:05:34
2391,09 Feb 2022,22:59:07
2392,09 Feb 2022,06:30:26
2393,09 Feb 2022,01:39:10
2394,09 Feb 2022,19:01:04
2395,09 Feb 2022,07:31:28
2396,09 Feb 2022,04:08:31
2397,09 Feb 2022,22:15:39
2398,09 Feb 2022,21:54:21
2399,09 Feb 2022,15:01:17
2400,09 Feb 2022,12:29:08
2401,09 Feb 2022,01:59:45
2402,09 Feb 2022,08:54:20
2403,09 Feb 2022,05:30:20
2404,09 Feb 2022,00:19:16
2405,09 Feb 2022,10:37:46
2406,09 Feb 2022,18:39:14
2407,09 Feb 2022,05:50:29
2408,09 Feb 2022,21:34:21
2409,09 Feb 2022,05:10:35
2410,09 Feb 2022,01:18:37
2411,09 Feb 2022,21:11:38
2412,09 Feb 2022,10:17:28
2413,09 Feb 2022,16:49:37
2414,09 Feb 2022,08:33:20
2415,09 Feb 2022,04:49:28
2416,09 Feb 2022,00:38:57
2417,09 Feb 2022,00:38:57
2418,09 Feb 2022,14:38:49
2419,09 Feb 2022,08:12:13
2420,09 Feb 2022,04:29:38
2421,09 Feb 2022,20:06:14
2422,09 Feb 2022,07:50:57
2423,09 Feb 2022,00:59:05
2424,09 Feb 2022,11:20:12
2425,09 Feb 2022,17:12:19
2426,09 Feb 2022,09:56:33
2427,09 Feb 2022,06:50:40
2428,09 Feb 2022,03:01:27
2429,09 Feb 2022,15:43:57
2430,09 Feb 2022,13:12:05
2431,09 Feb 2022,07:10:51
2432,09 Feb 2022,03:26:13
2433,09 Feb 2022,19:44:50
2434,09 Feb 2022,16:27:27
2435,09 Feb 2022,13:55:32
2436,09 Feb 2022,23:39:20
2437,09 Feb 2022,15:23:44
2438,09 Feb 2022,12:51:53
2439,09 Feb 2022,09:13:50
2440,09 Feb 2022,23:59:55
2441,10 Feb 2022,17:55:23
2442,10 Feb 2022,08:03:35
2443,10 Feb 2022,04:32:15
2444,10 Feb 2022,00:21:17
2445,10 Feb 2022,11:34:27
2446,10 Feb 2022,14:20:48
2447,10 Feb 2022,08:46:09
2448,10 Feb 2022,04:10:46
2449,10 Feb 2022,21:30:03
2450,10 Feb 2022,17:31:18
2451,10 Feb 2022,19:21:02
2452,10 Feb 2022,15:04:27
2453,10 Feb 2022,07:20:43
2454,10 Feb 2022,02:26:03
2455,10 Feb 2022,02:48:38
2456,10 Feb 2022,20:27:38
2457,10 Feb 2022,11:53:23
2458,10 Feb 2022,15:46:11
2459,10 Feb 2022,13:41:10
2460,10 Feb 2022,03:50:34
2461,10 Feb 2022,06:59:19
2462,10 Feb 2022,10:32:58
2463,10 Feb 2022,12:59:03
2464,10 Feb 2022,09:50:33
2465,10 Feb 2022,05:13:39
2466,10 Feb 2022,16:05:41
2467,10 Feb 2022,18:40:07
2468,10 Feb 2022,05:34:40
2469,10 Feb 2022,10:09:49
2470,10 Feb 2022,00:41:03
2471,10 Feb 2022,22:57:45
2472,10 Feb 2022,19:43:36
2473,10 Feb 2022,01:42:13
2474,10 Feb 2022,05:55:55
2475,10 Feb 2022,09:27:36
2476,10 Feb 2022,08:25:35
2477,10 Feb 2022,03:10:04
2478,10 Feb 2022,20:03:45
2479,10 Feb 2022,14:01:03
2480,10 Feb 2022,23:42:05
2481,10 Feb 2022,21:50:25
2482,10 Feb 2022,18:19:02
2483,10 Feb 2022,06:37:24
2484,10 Feb 2022,02:04:12
2485,10 Feb 2022,23:17:42
2486,10 Feb 2022,17:08:18
2487,10 Feb 2022,20:48:49
2488,10 Feb 2022,13:21:20
2489,10 Feb 2022,16:47:37
2490,10 Feb 2022,22:33:26
2491,10 Feb 2022,22:13:53
2492,10 Feb 2022,16:25:28
2493,10 Feb 2022,12:14:49
2494,10 Feb 2022,07:42:45
2495,10 Feb 2022,03:30:54
2496,10 Feb 2022,19:00:40
2497,10 Feb 2022,15:24:16
2498,10 Feb 2022,06:16:09
2499,10 Feb 2022,09:08:03
2500,10 Feb 2022,21:09:30
2501,10 Feb 2022,01:00:26
2502,10 Feb 2022,04:54:13
2503,11 Feb 2022,18:56:16
2504,11 Feb 2022,11:13:28
2505,11 Feb 2022,02:54:38
2506,11 Feb 2022,07:33:27
2507,11 Feb 2022,21:49:52
2508,11 Feb 2022,13:23:06
2509,11 Feb 2022,03:34:17
2510,11 Feb 2022,11:35:40
2511,11 Feb 2022,07:55:40
2512,11 Feb 2022,06:30:42
2513,11 Feb 2022,01:07:03
2514,11 Feb 2022,23:41:37
2515,11 Feb 2022,18:11:05
2516,11 Feb 2022,14:53:15
2517,11 Feb 2022,10:50:31
2518,11 Feb 2022,00:46:10
2519,11 Feb 2022,06:50:50
2520,11 Feb 2022,21:06:26
2521,11 Feb 2022,01:50:25
2522,11 Feb 2022,10:28:01
2523,11 Feb 2022,14:08:27
2524,11 Feb 2022,22:12:36
2525,11 Feb 2022,22:34:06
2526,11 Feb 2022,19:18:13
2527,11 Feb 2022,15:37:06
2528,11 Feb 2022,03:53:46
2529,11 Feb 2022,07:12:28
2530,11 Feb 2022,20:22:41
2531,11 Feb 2022,02:12:19
2532,11 Feb 2022,09:23:06
2533,11 Feb 2022,02:34:22
2534,11 Feb 2022,05:21:41
2535,11 Feb 2022,17:48:28
2536,11 Feb 2022,12:38:47
2537,11 Feb 2022,03:14:34
2538,11 Feb 2022,13:45:49
2539,11 Feb 2022,16:41:14
2540,11 Feb 2022,09:02:50
2541,11 Feb 2022,04:56:10
2542,11 Feb 2022,21:28:40
2543,11 Feb 2022,13:00:19
2544,11 Feb 2022,18:33:24
2545,11 Feb 2022,15:58:06
2546,11 Feb 2022,10:06:17
2547,11 Feb 2022,01:28:59
2548,11 Feb 2022,04:34:26
2549,11 Feb 2022,20:02:16
2550,11 Feb 2022,17:26:40
2551,11 Feb 2022,20:43:36
2552,11 Feb 2022,23:19:25
2553,11 Feb 2022,09:44:03
2554,11 Feb 2022,00:01:52
2555,11 Feb 2022,04:14:48
2556,11 Feb 2022,06:07:11
2557,11 Feb 2022,17:03:54
2558,11 Feb 2022,22:57:01
2559,11 Feb 2022,08:41:11
2560,11 Feb 2022,05:44:04
2561,11 Feb 2022,00:25:01
2562,11 Feb 2022,15:16:00
2563,11 Feb 2022,11:55:53
2564,12 Feb 2022,13:45:43
2565,12 Feb 2022,13:24:10
2566,12 Feb 2022,12:42:34
2567,12 Feb 2022,13:04:20
2568,12 Feb 2022,14:06:14
2569,12 Feb 2022,14:26:02
2570,12 Feb 2022,15:05:46
2571,12 Feb 2022,14:47:07
2572,12 Feb 2022,15:26:01
2573,12 Feb 2022,20:29:13
2574,12 Feb 2022,20:50:11
2575,12 Feb 2022,19:28:19
2576,12 Feb 2022,20:09:34
2577,12 Feb 2022,21:50:33
2578,12 Feb 2022,22:10:37
2579,12 Feb 2022,21:29:42
2580,12 Feb 2022,21:10:55
2581,12 Feb 2022,22:31:00
2582,12 Feb 2022,17:46:38
2583,12 Feb 2022,18:07:02
2584,12 Feb 2022,18:27:15
2585,12 Feb 2022,19:07:52
2586,12 Feb 2022,16:41:49
2587,12 Feb 2022,16:07:37
2588,12 Feb 2022,15:48:14
2589,12 Feb 2022,23:10:50
2590,12 Feb 2022,22:51:14
2591,12 Feb 2022,23:30:59
2592,12 Feb 2022,23:51:55
2593,12 Feb 2022,03:15:54
2594,12 Feb 2022,00:47:09
2595,12 Feb 2022,00:25:26
2596,12 Feb 2022,00:03:07
2597,12 Feb 2022,01:28:06
2598,12 Feb 2022,01:06:31
2599,12 Feb 2022,01:49:02
2600,12 Feb 2022,02:11:24
2601,12 Feb 2022,02:54:48
2602,12 Feb 2022,02:32:33
2603,12 Feb 2022,07:34:36
2604,12 Feb 2022,06:51:57
2605,12 Feb 2022,07:12:48
2606,12 Feb 2022,09:04:20
2607,12 Feb 2022,08:41:06
2608,12 Feb 2022,07:56:58
2609,12 Feb 2022,08:17:58
2610,12 Feb 2022,09:26:22
2611,12 Feb 2022,06:28:10
2612,12 Feb 2022,05:01:37
2613,12 Feb 2022,05:23:02
2614,12 Feb 2022,05:43:05
2615,12 Feb 2022,06:05:36
2616,12 Feb 2022,04:18:29
2617,12 Feb 2022,04:40:04
2618,12 Feb 2022,03:57:17
2619,12 Feb 2022,03:36:57
2620,12 Feb 2022,12:20:45
2621,12 Feb 2022,11:14:53
2622,12 Feb 2022,10:52:30
2623,12 Feb 2022,11:37:13
2624,12 Feb 2022,11:58:25
2625,12 Feb 2022,10:29:27
2626,12 Feb 2022,09:46:43
2627,12 Feb 2022,10:08:01
2628,13 Feb 2022,11:37:28
2629,13 Feb 2022,08:30:46
2630,13 Feb 2022,04:42:59
2631,13 Feb 2022,02:14:39
2632,13 Feb 2022,20:55:49
2633,13 Feb 2022,22:21:19
2634,13 Feb 2022,04:22:19
2635,13 Feb 2022,11:16:38
2636,13 Feb 2022,13:42:39
2637,13 Feb 2022,14:24:17
2638,13 Feb 2022,07:48:20
2639,13 Feb 2022,04:01:12
2640,13 Feb 2022,23:02:56
2641,13 Feb 2022,21:39:40
2642,13 Feb 2022,23:23:35
2643,13 Feb 2022,02:34:27
2644,13 Feb 2022,09:30:04
2645,13 Feb 2022,15:52:00
2646,13 Feb 2022,16:32:40
2647,13 Feb 2022,10:10:19
2648,13 Feb 2022,13:21:45
2649,13 Feb 2022,13:21:45
2650,13 Feb 2022,06:25:36
2651,13 Feb 2022,05:03:08
2652,13 Feb 2022,22:40:45
2653,13 Feb 2022,15:07:03
2654,13 Feb 2022,12:40:51
2655,13 Feb 2022,09:09:56
2656,13 Feb 2022,06:04:58
2657,13 Feb 2022,03:16:36
2658,13 Feb 2022,22:00:17
2659,13 Feb 2022,08:49:38
2660,13 Feb 2022,11:58:17
2661,13 Feb 2022,05:23:27
2662,13 Feb 2022,02:56:55
2663,13 Feb 2022,21:16:49
2664,13 Feb 2022,18:44:54
2665,13 Feb 2022,03:36:51
2666,13 Feb 2022,10:32:10
2667,13 Feb 2022,07:27:49
2668,13 Feb 2022,19:29:11
2669,13 Feb 2022,15:30:04
2670,13 Feb 2022,15:30:04
2671,13 Feb 2022,20:34:55
2672,13 Feb 2022,06:46:03
2673,13 Feb 2022,01:12:48
2674,13 Feb 2022,17:39:23
2675,13 Feb 2022,14:02:42
2676,13 Feb 2022,07:06:11
2677,13 Feb 2022,00:32:34
2678,13 Feb 2022,16:13:39
2679,13 Feb 2022,00:53:05
2680,13 Feb 2022,14:44:43
2681,13 Feb 2022,18:23:40
2682,13 Feb 2022,13:01:30
2683,13 Feb 2022,05:44:12
2684,13 Feb 2022,20:12:58
2685,13 Feb 2022,01:55:09
2686,13 Feb 2022,19:51:18
2687,13 Feb 2022,12:18:46
2688,13 Feb 2022,23:43:28
2689,14 Feb 2022,07:59:32
2690,14 Feb 2022,07:59:32
2691,14 Feb 2022,03:29:23
2692,14 Feb 2022,15:40:49
2693,14 Feb 2022,18:31:28
2694,14 Feb 2022,11:48:47
2695,14 Feb 2022,12:50:58
2696,14 Feb 2022,21:19:09
2697,14 Feb 2022,23:02:09
2698,14 Feb 2022,05:11:58
2699,14 Feb 2022,01:44:46
2700,14 Feb 2022,10:46:34
2701,14 Feb 2022,12:30:05
2702,14 Feb 2022,06:12:32
2703,14 Feb 2022,21:40:23
2704,14 Feb 2022,20:37:55
2705,14 Feb 2022,17:46:27
2706,14 Feb 2022,11:29:19
2707,14 Feb 2022,14:58:43
2708,14 Feb 2022,06:56:24
2709,14 Feb 2022,17:27:23
2710,14 Feb 2022,12:10:19
2711,14 Feb 2022,14:38:02
2712,14 Feb 2022,00:44:03
2713,14 Feb 2022,23:43:43
2714,14 Feb 2022,01:23:50
2715,14 Feb 2022,19:13:00
2716,14 Feb 2022,16:43:40
2717,14 Feb 2022,13:34:58
2718,14 Feb 2022,10:06:56
2719,14 Feb 2022,04:51:07
2720,14 Feb 2022,01:04:22
2721,14 Feb 2022,23:22:29
2722,14 Feb 2022,20:15:49
2723,14 Feb 2022,06:33:39
2724,14 Feb 2022,02:48:47
2725,14 Feb 2022,07:39:35
2726,14 Feb 2022,04:30:41
2727,14 Feb 2022,04:10:47
2728,14 Feb 2022,00:23:13
2729,14 Feb 2022,10:26:41
2730,14 Feb 2022,18:52:58
2731,14 Feb 2022,22:21:29
2732,14 Feb 2022,17:06:09
2733,14 Feb 2022,05:31:25
2734,14 Feb 2022,22:01:25
2735,14 Feb 2022,19:55:59
2736,14 Feb 2022,14:16:36
2737,14 Feb 2022,03:09:00
2738,14 Feb 2022,09:04:36
2739,14 Feb 2022,00:02:27
2740,14 Feb 2022,03:51:16
2741,14 Feb 2022,07:18:23
2742,14 Feb 2022,09:45:17
2743,14 Feb 2022,18:07:11
2744,14 Feb 2022,15:20:12
2745,14 Feb 2022,08:43:14
2746,14 Feb 2022,13:13:34
2747,14 Feb 2022,02:28:09
2748,14 Feb 2022,11:08:38
2749,14 Feb 2022,16:23:59
2750,14 Feb 2022,08:20:52
2751,14 Feb 2022,02:05:59
2752,15 Feb 2022,22:48:07
2753,15 Feb 2022,17:33:30
2754,15 Feb 2022,14:47:24
2755,15 Feb 2022,01:27:50
2756,15 Feb 2022,04:19:58
2757,15 Feb 2022,09:12:02
2758,15 Feb 2022,08:51:45
2759,15 Feb 2022,02:51:09
2760,15 Feb 2022,05:43:39
2761,15 Feb 2022,17:56:10
2762,15 Feb 2022,21:02:46
2763,15 Feb 2022,12:03:03
2764,15 Feb 2022,08:09:07
2765,15 Feb 2022,03:57:41
2766,15 Feb 2022,19:36:05
2767,15 Feb 2022,01:07:34
2768,15 Feb 2022,04:40:35
2769,15 Feb 2022,18:15:59
2770,15 Feb 2022,21:23:14
2771,15 Feb 2022,09:33:55
2772,15 Feb 2022,07:05:01
2773,15 Feb 2022,11:40:59
2774,15 Feb 2022,15:08:14
2775,15 Feb 2022,14:05:19
2776,15 Feb 2022,00:24:31
2777,15 Feb 2022,20:22:07
2778,15 Feb 2022,23:09:13
2779,15 Feb 2022,11:20:37
2780,15 Feb 2022,14:28:31
2781,15 Feb 2022,08:30:27
2782,15 Feb 2022,20:43:13
2783,15 Feb 2022,20:43:13
2784,15 Feb 2022,23:50:31
2785,15 Feb 2022,18:55:24
2786,15 Feb 2022,16:34:16
2787,15 Feb 2022,16:34:16
2788,15 Feb 2022,03:33:27
2789,15 Feb 2022,10:36:51
2790,15 Feb 2022,07:24:26
2791,15 Feb 2022,22:25:47
2792,15 Feb 2022,10:15:42
2793,15 Feb 2022,16:12:44
2794,15 Feb 2022,06:24:07
2795,15 Feb 2022,09:55:21
2796,15 Feb 2022,02:28:26
2797,15 Feb 2022,06:43:53
2798,15 Feb 2022,13:44:02
2799,15 Feb 2022,16:53:38
2800,15 Feb 2022,15:52:00
2801,15 Feb 2022,13:01:22
2802,15 Feb 2022,01:48:48
2803,15 Feb 2022,05:24:11
2804,15 Feb 2022,02:08:52
2805,15 Feb 2022,19:16:26
2806,15 Feb 2022,12:24:25
2807,15 Feb 2022,22:04:22
2808,15 Feb 2022,07:47:39
2809,15 Feb 2022,00:02:23
2810,15 Feb 2022,17:14:25
2811,15 Feb 2022,19:58:14
2812,15 Feb 2022,23:28:51
2813,15 Feb 2022,06:03:45
2814,15 Feb 2022,03:13:36
2815,15 Feb 2022,18:35:23
2816,15 Feb 2022,13:22:39
2817,15 Feb 2022,00:45:48
2818,15 Feb 2022,21:42:49
2819,15 Feb 2022,15:30:16
2820,15 Feb 2022,05:02:26
2821,16 Feb 2022,15:33:13
2822,16 Feb 2022,10:01:48
2823,16 Feb 2022,11:22:32
2824,16 Feb 2022,08:36:09
2825,16 Feb 2022,20:21:23
2826,16 Feb 2022,23:28:50
2827,16 Feb 2022,06:09:21
2828,16 Feb 2022,02:36:54
2829,16 Feb 2022,12:01:31
2830,16 Feb 2022,14:30:50
2831,16 Feb 2022,12:44:49
2832,16 Feb 2022,01:34:50
2833,16 Feb 2022,05:25:23
2834,16 Feb 2022,08:57:55
2835,16 Feb 2022,02:58:46
2836,16 Feb 2022,14:09:46
2837,16 Feb 2022,21:03:21
2838,16 Feb 2022,10:40:24
2839,16 Feb 2022,07:55:27
2840,16 Feb 2022,04:45:37
2841,16 Feb 2022,01:12:56
2842,16 Feb 2022,01:12:56
2843,16 Feb 2022,19:00:50
2844,16 Feb 2022,07:15:33
2845,16 Feb 2022,11:01:04
2846,16 Feb 2022,15:53:11
2847,16 Feb 2022,18:00:07
2848,16 Feb 2022,09:37:54
2849,16 Feb 2022,14:50:28
2850,16 Feb 2022,05:46:01
2851,16 Feb 2022,03:18:24
2852,16 Feb 2022,21:22:39
2853,16 Feb 2022,22:48:34
2854,16 Feb 2022,20:01:43
2855,16 Feb 2022,11:41:39
2856,16 Feb 2022,00:10:04
2857,16 Feb 2022,03:42:03
2858,16 Feb 2022,13:29:25
2859,16 Feb 2022,16:56:20
2860,16 Feb 2022,08:15:42
2861,16 Feb 2022,02:14:49
2862,16 Feb 2022,05:04:48
2863,16 Feb 2022,20:42:07
2864,16 Feb 2022,23:09:17
2865,16 Feb 2022,06:53:10
2866,16 Feb 2022,01:55:14
2867,16 Feb 2022,18:39:53
2868,16 Feb 2022,15:10:41
2869,16 Feb 2022,12:24:13
2870,16 Feb 2022,00:29:59
2871,16 Feb 2022,09:18:03
2872,16 Feb 2022,04:03:37
2873,16 Feb 2022,21:42:39
2874,16 Feb 2022,18:19:36
2875,16 Feb 2022,06:30:38
2876,16 Feb 2022,23:49:35
2877,16 Feb 2022,13:50:20
2878,16 Feb 2022,19:40:34
2879,16 Feb 2022,22:25:40
2880,16 Feb 2022,10:20:39
2881,16 Feb 2022,16:14:51
2882,16 Feb 2022,04:23:46
2883,16 Feb 2022,07:36:54
2884,16 Feb 2022,00:49:55
2885,16 Feb 2022,13:06:25
2886,16 Feb 2022,16:35:27
2887,16 Feb 2022,19:21:29
2888,16 Feb 2022,22:03:53
2889,17 Feb 2022,21:56:03
2890,17 Feb 2022,19:04:41
2891,17 Feb 2022,19:04:41
2892,17 Feb 2022,07:24:23
2893,17 Feb 2022,05:16:04
2894,17 Feb 2022,01:34:41
2895,17 Feb 2022,09:36:34
2896,17 Feb 2022,13:48:27
2897,17 Feb 2022,16:59:19
2898,17 Feb 2022,01:12:25
2899,17 Feb 2022,18:20:52
2900,17 Feb 2022,03:14:19
2901,17 Feb 2022,06:41:42
2902,17 Feb 2022,15:59:31
2903,17 Feb 2022,09:57:26
2904,17 Feb 2022,12:46:52
2905,17 Feb 2022,16:38:39
2906,17 Feb 2022,13:26:59
2907,17 Feb 2022,20:12:28
2908,17 Feb 2022,09:14:38
2909,17 Feb 2022,00:53:11
2910,17 Feb 2022,00:53:11
2911,17 Feb 2022,22:56:00
2912,17 Feb 2022,18:43:12
2913,17 Feb 2022,15:35:30
2914,17 Feb 2022,08:09:18
2915,17 Feb 2022,10:16:37
2916,17 Feb 2022,01:54:07
2917,17 Feb 2022,06:17:25
2918,17 Feb 2022,13:06:10
2919,17 Feb 2022,23:15:39
2920,17 Feb 2022,15:15:02
2921,17 Feb 2022,12:25:50
2922,17 Feb 2022,05:37:13
2923,17 Feb 2022,11:22:17
2924,17 Feb 2022,14:32:04
2925,17 Feb 2022,00:11:41
2926,17 Feb 2022,04:14:27
2927,17 Feb 2022,22:35:27
2928,17 Feb 2022,02:54:11
2929,17 Feb 2022,07:02:04
2930,17 Feb 2022,21:16:19
2931,17 Feb 2022,18:00:31
2932,17 Feb 2022,14:54:30
2933,17 Feb 2022,08:31:33
2934,17 Feb 2022,03:33:48
2935,17 Feb 2022,16:19:36
2936,17 Feb 2022,19:29:01
2937,17 Feb 2022,10:38:52
2938,17 Feb 2022,02:33:44
2939,17 Feb 2022,02:14:04
2940,17 Feb 2022,21:36:23
2941,17 Feb 2022,23:35:42
2942,17 Feb 2022,20:54:35
2943,17 Feb 2022,12:05:32
2944,17 Feb 2022,14:07:52
2945,17 Feb 2022,08:50:23
2946,17 Feb 2022,05:57:23
2947,17 Feb 2022,04:34:25
2948,17 Feb 2022,07:44:23
2949,17 Feb 2022,11:00:51
2950,17 Feb 2022,22:15:52
2951,17 Feb 2022,20:32:00
2952,17 Feb 2022,23:58:16
2953,17 Feb 2022,17:18:27
2954,17 Feb 2022,11:42:01
2955,17 Feb 2022,04:56:07
2956,17 Feb 2022,00:30:29
2957,18 Feb 2022,03:08:16
2958,18 Feb 2022,07:20:45
2959,18 Feb 2022,21:17:50
2960,18 Feb 2022,15:00:31
2961,18 Feb 2022,00:41:28
2962,18 Feb 2022,21:58:23
2963,18 Feb 2022,04:31:29
2964,18 Feb 2022,01:03:32
2965,18 Feb 2022,08:22:25
2966,18 Feb 2022,13:32:52
2967,18 Feb 2022,11:06:22
2968,18 Feb 2022,20:34:27
2969,18 Feb 2022,23:42:38
2970,18 Feb 2022,12:29:02
2971,18 Feb 2022,08:41:23
2972,18 Feb 2022,05:12:29
2973,18 Feb 2022,01:45:28
2974,18 Feb 2022,11:27:32
2975,18 Feb 2022,03:47:54
2976,18 Feb 2022,15:19:48
2977,18 Feb 2022,13:56:40
2978,18 Feb 2022,09:23:28
2979,18 Feb 2022,05:34:04
2980,18 Feb 2022,03:27:51
2981,18 Feb 2022,16:21:16
2982,18 Feb 2022,19:09:33
2983,18 Feb 2022,22:41:19
2984,18 Feb 2022,20:54:41
2985,18 Feb 2022,12:48:46
2986,18 Feb 2022,09:42:47
2987,18 Feb 2022,06:18:16
2988,18 Feb 2022,19:32:22
2989,18 Feb 2022,02:47:47
2990,18 Feb 2022,04:53:28
2991,18 Feb 2022,14:17:11
2992,18 Feb 2022,17:03:57
2993,18 Feb 2022,10:03:27
2994,18 Feb 2022,06:37:50
2995,18 Feb 2022,04:08:42
2996,18 Feb 2022,21:37:37
2997,18 Feb 2022,15:41:16
2998,18 Feb 2022,13:10:01
2999,18 Feb 2022,08:01:37
3000,18 Feb 2022,18:28:20
3001,18 Feb 2022,18:49:02
3002,18 Feb 2022,01:26:15
3003,18 Feb 2022,14:38:07
3004,18 Feb 2022,06:59:43
3005,18 Feb 2022,12:06:37
3006,18 Feb 2022,09:02:30
3007,18 Feb 2022,05:56:15
3008,18 Feb 2022,23:23:13
3009,18 Feb 2022,23:03:36
3010,18 Feb 2022,20:15:43
3011,18 Feb 2022,11:47:28
3012,18 Feb 2022,02:26:32
3013,18 Feb 2022,19:54:19
3014,18 Feb 2022,10:45:38
3015,18 Feb 2022,16:01:44
3016,18 Feb 2022,02:06:17
3017,18 Feb 2022,16:43:23
3018,18 Feb 2022,00:19:58
3019,19 Feb 2022,06:21:15
3020,19 Feb 2022,02:53:24
3021,19 Feb 2022,14:07:48
3022,19 Feb 2022,08:03:44
3023,19 Feb 2022,05:15:47
3024,19 Feb 2022,21:12:39
3025,19 Feb 2022,21:55:59
3026,19 Feb 2022,15:19:34
3027,19 Feb 2022,18:27:31
3028,19 Feb 2022,11:36:28
3029,19 Feb 2022,00:25:39
3030,19 Feb 2022,04:56:17
3031,19 Feb 2022,00:44:56
3032,19 Feb 2022,08:25:06
3033,19 Feb 2022,16:00:13
3034,19 Feb 2022,22:15:49
3035,19 Feb 2022,19:10:27
3036,19 Feb 2022,14:30:19
3037,19 Feb 2022,05:36:59
3038,19 Feb 2022,05:36:59
3039,19 Feb 2022,02:07:07
3040,19 Feb 2022,17:42:18
3041,19 Feb 2022,07:22:24
3042,19 Feb 2022,10:49:51
3043,19 Feb 2022,18:01:27
3044,19 Feb 2022,21:33:18
3045,19 Feb 2022,01:46:01
3046,19 Feb 2022,07:42:29
3047,19 Feb 2022,11:15:40
3048,19 Feb 2022,14:54:44
3049,19 Feb 2022,01:04:23
3050,19 Feb 2022,04:14:38
3051,19 Feb 2022,15:39:37
3052,19 Feb 2022,19:53:33
3053,19 Feb 2022,23:43:24
3054,19 Feb 2022,22:57:31
3055,19 Feb 2022,09:07:14
3056,19 Feb 2022,03:14:31
3057,19 Feb 2022,05:58:19
3058,19 Feb 2022,17:02:32
3059,19 Feb 2022,13:25:22
3060,19 Feb 2022,09:28:21
3061,19 Feb 2022,04:34:41
3062,19 Feb 2022,01:24:39
3063,19 Feb 2022,20:12:25
3064,19 Feb 2022,16:40:06
3065,19 Feb 2022,13:03:23
3066,19 Feb 2022,09:49:57
3067,19 Feb 2022,23:20:48
3068,19 Feb 2022,19:30:28
3069,19 Feb 2022,12:40:48
3070,19 Feb 2022,08:47:30
3071,19 Feb 2022,03:54:56
3072,19 Feb 2022,07:01:29
3073,19 Feb 2022,03:34:10
3074,19 Feb 2022,00:04:16
3075,19 Feb 2022,16:19:36
3076,19 Feb 2022,10:29:35
3077,19 Feb 2022,20:53:32
3078,19 Feb 2022,10:10:16
3079,19 Feb 2022,06:41:10
3080,19 Feb 2022,02:30:12
3081,19 Feb 2022,22:35:27
3082,19 Feb 2022,18:50:46
3083,20 Feb 2022,05:38:41
3084,20 Feb 2022,21:32:10
3085,20 Feb 2022,17:45:49
3086,20 Feb 2022,09:45:54
3087,20 Feb 2022,06:19:03
3088,20 Feb 2022,01:46:02
3089,20 Feb 2022,16:03:54
3090,20 Feb 2022,12:14:27
3091,20 Feb 2022,18:45:40
3092,20 Feb 2022,05:58:00
3093,20 Feb 2022,02:48:28
3094,20 Feb 2022,09:06:00
3095,20 Feb 2022,15:03:28
3096,20 Feb 2022,13:59:46
3097,20 Feb 2022,19:29:54
3098,20 Feb 2022,06:39:39
3099,20 Feb 2022,10:29:12
3100,20 Feb 2022,03:32:48
3101,20 Feb 2022,22:52:47
3102,20 Feb 2022,09:26:09
3103,20 Feb 2022,05:17:22
3104,20 Feb 2022,12:56:49
3105,20 Feb 2022,10:05:46
3106,20 Feb 2022,00:02:34
3107,20 Feb 2022,03:51:23
3108,20 Feb 2022,15:23:39
3109,20 Feb 2022,00:42:26
3110,20 Feb 2022,04:33:54
3111,20 Feb 2022,22:11:46
3112,20 Feb 2022,08:24:51
3113,20 Feb 2022,02:07:10
3114,20 Feb 2022,17:25:55
3115,20 Feb 2022,14:44:10
3116,20 Feb 2022,11:33:59
3117,20 Feb 2022,08:05:01
3118,20 Feb 2022,16:43:50
3119,20 Feb 2022,13:38:59
3120,20 Feb 2022,11:11:48
3121,20 Feb 2022,23:32:52
3122,20 Feb 2022,20:29:54
3123,20 Feb 2022,20:08:45
3124,20 Feb 2022,22:32:51
3125,20 Feb 2022,16:24:25
3126,20 Feb 2022,07:41:54
3127,20 Feb 2022,00:23:03
3128,20 Feb 2022,18:06:01
3129,20 Feb 2022,11:53:27
3130,20 Feb 2022,04:57:14
3131,20 Feb 2022,08:45:10
3132,20 Feb 2022,21:10:23
3133,20 Feb 2022,02:28:59
3134,20 Feb 2022,20:51:38
3135,20 Feb 2022,23:12:46
3136,20 Feb 2022,19:06:06
3137,20 Feb 2022,14:21:14
3138,20 Feb 2022,07:00:42
3139,20 Feb 2022,01:04:49
3140,20 Feb 2022,21:52:03
3141,20 Feb 2022,18:26:13
3142,20 Feb 2022,15:44:02
3143,20 Feb 2022,12:34:51
3144,20 Feb 2022,10:50:42
3145,20 Feb 2022,07:21:17
3146,20 Feb 2022,03:10:05
3147,20 Feb 2022,19:48:58
3148,20 Feb 2022,23:53:09
3149,21 Feb 2022,12:22:47
3150,21 Feb 2022,09:14:17
3151,21 Feb 2022,15:09:26
3152,21 Feb 2022,21:47:16
3153,21 Feb 2022,18:58:34
3154,21 Feb 2022,23:56:50
3155,21 Feb 2022,10:40:23
3156,21 Feb 2022,15:30:09
3157,21 Feb 2022,12:43:46
3158,21 Feb 2022,07:28:11
3159,21 Feb 2022,20:23:47
3160,21 Feb 2022,11:42:49
3161,21 Feb 2022,16:54:49
3162,21 Feb 2022,14:28:46
3163,21 Feb 2022,15:49:50
3164,21 Feb 2022,00:14:59
3165,21 Feb 2022,18:15:51
3166,21 Feb 2022,21:25:41
3167,21 Feb 2022,14:48:25
3168,21 Feb 2022,10:19:38
3169,21 Feb 2022,22:28:26
3170,21 Feb 2022,19:20:26
3171,21 Feb 2022,12:02:57
3172,21 Feb 2022,08:54:07
3173,21 Feb 2022,08:10:54
3174,21 Feb 2022,11:23:07
3175,21 Feb 2022,14:06:59
3176,21 Feb 2022,09:35:35
3177,21 Feb 2022,16:35:09
3178,21 Feb 2022,19:40:36
3179,21 Feb 2022,09:55:26
3180,21 Feb 2022,17:35:47
3181,21 Feb 2022,13:27:33
3182,21 Feb 2022,23:33:27
3183,21 Feb 2022,21:04:28
3184,21 Feb 2022,17:15:56
3185,21 Feb 2022,07:48:42
3186,21 Feb 2022,13:46:37
3187,21 Feb 2022,11:01:01
3188,21 Feb 2022,08:32:30
3189,21 Feb 2022,22:50:05
3190,21 Feb 2022,16:12:00
3191,21 Feb 2022,20:03:52
3192,21 Feb 2022,22:07:35
3193,21 Feb 2022,18:39:34
3194,21 Feb 2022,07:07:24
3195,21 Feb 2022,13:04:29
3196,21 Feb 2022,00:34:39
3197,22 Feb 2022,18:35:40
3198,22 Feb 2022,14:43:41
3199,22 Feb 2022,12:20:02
3200,22 Feb 2022,08:36:25
3201,22 Feb 2022,00:57:01
3202,22 Feb 2022,20:58:56
3203,22 Feb 2022,06:31:36
3204,22 Feb 2022,15:48:00
3205,22 Feb 2022,12:58:46
3206,22 Feb 2022,19:15:49
3207,22 Feb 2022,22:01:06
3208,22 Feb 2022,08:55:49
3209,22 Feb 2022,11:38:26
3210,22 Feb 2022,03:25:46
3211,22 Feb 2022,05:09:48
3212,22 Feb 2022,23:24:43
3213,22 Feb 2022,17:12:19
3214,22 Feb 2022,10:59:01
3215,22 Feb 2022,04:50:55
3216,22 Feb 2022,01:41:52
3217,22 Feb 2022,18:56:46
3218,22 Feb 2022,16:49:56
3219,22 Feb 2022,10:38:28
3220,22 Feb 2022,13:40:02
3221,22 Feb 2022,03:45:38
3222,22 Feb 2022,20:37:57
3223,22 Feb 2022,14:03:07
3224,22 Feb 2022,17:33:56
3225,22 Feb 2022,04:28:00
3226,22 Feb 2022,08:16:09
3227,22 Feb 2022,13:18:50
3228,22 Feb 2022,16:09:37
3229,22 Feb 2022,09:57:50
3230,22 Feb 2022,09:17:03
3231,22 Feb 2022,05:51:20
3232,22 Feb 2022,02:23:24
3233,22 Feb 2022,15:27:06
3234,22 Feb 2022,03:06:13
3235,22 Feb 2022,05:30:43
3236,22 Feb 2022,14:23:10
3237,22 Feb 2022,22:45:17
3238,22 Feb 2022,19:36:34
3239,22 Feb 2022,19:36:34
3240,22 Feb 2022,16:28:47
3241,22 Feb 2022,10:19:15
3242,22 Feb 2022,07:35:46
3243,22 Feb 2022,04:06:35
3244,22 Feb 2022,18:13:48
3245,22 Feb 2022,15:06:18
3246,22 Feb 2022,09:37:01
3247,22 Feb 2022,02:44:57
3248,22 Feb 2022,12:38:46
3249,22 Feb 2022,06:10:51
3250,22 Feb 2022,21:41:31
3251,22 Feb 2022,23:45:45
3252,22 Feb 2022,19:57:13
3253,22 Feb 2022,06:51:18
3254,22 Feb 2022,00:16:13
3255,22 Feb 2022,07:14:59
3256,22 Feb 2022,11:19:12
3257,22 Feb 2022,02:01:25
3258,22 Feb 2022,20:16:41
3259,22 Feb 2022,17:54:27
3260,22 Feb 2022,21:19:42
3261,22 Feb 2022,07:55:49
3262,22 Feb 2022,11:59:13
3263,22 Feb 2022,01:19:20
3264,23 Feb 2022,15:30:26
3265,23 Feb 2022,07:28:46
3266,23 Feb 2022,11:01:17
3267,23 Feb 2022,15:52:55
3268,23 Feb 2022,03:38:01
3269,23 Feb 2022,08:11:00
3270,23 Feb 2022,06:06:52
3271,23 Feb 2022,19:37:34
3272,23 Feb 2022,14:51:32
3273,23 Feb 2022,12:02:47
3274,23 Feb 2022,02:12:46
3275,23 Feb 2022,22:44:15
3276,23 Feb 2022,07:06:38
3277,23 Feb 2022,01:32:50
3278,23 Feb 2022,18:55:43
3279,23 Feb 2022,00:07:44
3280,23 Feb 2022,16:12:33
3281,23 Feb 2022,17:55:20
3282,23 Feb 2022,09:38:12
3283,23 Feb 2022,14:07:41
3284,23 Feb 2022,05:24:35
3285,23 Feb 2022,00:29:57
3286,23 Feb 2022,18:14:40
3287,23 Feb 2022,10:00:13
3288,23 Feb 2022,02:36:58
3289,23 Feb 2022,21:18:39
3290,23 Feb 2022,06:25:47
3291,23 Feb 2022,02:58:18
3292,23 Feb 2022,17:13:54
3293,23 Feb 2022,20:16:52
3294,23 Feb 2022,23:45:43
3295,23 Feb 2022,16:32:34
3296,23 Feb 2022,19:15:57
3297,23 Feb 2022,13:04:41
3298,23 Feb 2022,10:20:04
3299,23 Feb 2022,04:17:48
3300,23 Feb 2022,22:00:41
3301,23 Feb 2022,22:23:58
3302,23 Feb 2022,15:10:50
3303,23 Feb 2022,09:16:06
3304,23 Feb 2022,05:02:51
3305,23 Feb 2022,03:57:49
3306,23 Feb 2022,12:42:27
3307,23 Feb 2022,16:52:31
3308,23 Feb 2022,20:36:30
3309,23 Feb 2022,08:33:11
3310,23 Feb 2022,05:46:04
3311,23 Feb 2022,00:51:59
3312,23 Feb 2022,11:20:47
3313,23 Feb 2022,01:13:50
3314,23 Feb 2022,04:39:51
3315,23 Feb 2022,07:48:45
3316,23 Feb 2022,23:06:06
3317,23 Feb 2022,20:58:31
3318,23 Feb 2022,11:43:16
3319,23 Feb 2022,13:48:22
3320,23 Feb 2022,17:34:08
3321,23 Feb 2022,01:53:27
3322,23 Feb 2022,18:34:38
3323,23 Feb 2022,12:23:00
3324,23 Feb 2022,03:17:37
3325,23 Feb 2022,06:47:46
3326,23 Feb 2022,23:25:24
3327,23 Feb 2022,14:30:18
3328,23 Feb 2022,08:53:15
3329,24 Feb 2022,02:32:58
3330,24 Feb 2022,06:21:47
3331,24 Feb 2022,00:50:24
3332,24 Feb 2022,16:48:51
3333,24 Feb 2022,20:06:25
3334,24 Feb 2022,17:52:26
3335,24 Feb 2022,15:07:39
3336,24 Feb 2022,10:55:48
3337,24 Feb 2022,07:45:07
3338,24 Feb 2022,21:51:55
3339,24 Feb 2022,05:19:28
3340,24 Feb 2022,08:49:05
3341,24 Feb 2022,01:11:12
3342,24 Feb 2022,18:13:37
3343,24 Feb 2022,14:48:10
3344,24 Feb 2022,11:17:06
3345,24 Feb 2022,14:28:29
3346,24 Feb 2022,21:32:22
3347,24 Feb 2022,14:06:41
3348,24 Feb 2022,22:58:00
3349,24 Feb 2022,17:11:14
3350,24 Feb 2022,20:50:56
3351,24 Feb 2022,07:25:43
3352,24 Feb 2022,03:33:38
3353,24 Feb 2022,13:47:19
3354,24 Feb 2022,10:36:47
3355,24 Feb 2022,11:56:49
3356,24 Feb 2022,15:28:13
3357,24 Feb 2022,09:32:52
3358,24 Feb 2022,22:13:06
3359,24 Feb 2022,18:34:10
3360,24 Feb 2022,16:08:28
3361,24 Feb 2022,02:52:25
3362,24 Feb 2022,08:27:50
3363,24 Feb 2022,23:19:14
3364,24 Feb 2022,00:30:56
3365,24 Feb 2022,13:03:36
3366,24 Feb 2022,07:04:09
3367,24 Feb 2022,09:53:39
3368,24 Feb 2022,00:08:52
3369,24 Feb 2022,21:11:55
3370,24 Feb 2022,08:06:19
3371,24 Feb 2022,04:18:12
3372,24 Feb 2022,01:31:16
3373,24 Feb 2022,11:37:48
3374,24 Feb 2022,22:34:25
3375,24 Feb 2022,19:15:59
3376,24 Feb 2022,16:29:09
3377,24 Feb 2022,06:01:44
3378,24 Feb 2022,15:49:35
3379,24 Feb 2022,09:10:44
3380,24 Feb 2022,03:14:04
3381,24 Feb 2022,04:59:29
3382,24 Feb 2022,23:39:07
3383,24 Feb 2022,18:55:51
3384,24 Feb 2022,04:38:31
3385,24 Feb 2022,02:12:06
3386,24 Feb 2022,06:44:33
3387,24 Feb 2022,10:12:57
3388,24 Feb 2022,17:33:25
3389,24 Feb 2022,20:26:57
3390,24 Feb 2022,13:25:51
3391,25 Feb 2022,19:37:28
3392,25 Feb 2022,04:10:15
3393,25 Feb 2022,13:53:11
3394,25 Feb 2022,07:59:07
3395,25 Feb 2022,20:59:22
3396,25 Feb 2022,18:36:33
3397,25 Feb 2022,15:34:10
3398,25 Feb 2022,12:31:14
3399,25 Feb 2022,04:29:29
3400,25 Feb 2022,01:06:08
3401,25 Feb 2022,05:12:22
3402,25 Feb 2022,02:29:22
3403,25 Feb 2022,15:14:36
3404,25 Feb 2022,08:59:56
3405,25 Feb 2022,05:53:59
3406,25 Feb 2022,14:54:54
3407,25 Feb 2022,22:44:28
3408,25 Feb 2022,13:12:30
3409,25 Feb 2022,08:40:08
3410,25 Feb 2022,03:08:47
3411,25 Feb 2022,05:31:50
3412,25 Feb 2022,19:16:40
3413,25 Feb 2022,22:02:54
3414,25 Feb 2022,15:54:39
3415,25 Feb 2022,12:51:20
3416,25 Feb 2022,10:44:43
3417,25 Feb 2022,00:45:45
3418,25 Feb 2022,07:15:14
3419,25 Feb 2022,18:15:30
3420,25 Feb 2022,06:53:40
3421,25 Feb 2022,02:48:46
3422,25 Feb 2022,21:19:58
3423,25 Feb 2022,00:00:41
3424,25 Feb 2022,03:29:45
3425,25 Feb 2022,17:56:04
3426,25 Feb 2022,04:51:48
3427,25 Feb 2022,01:46:26
3428,25 Feb 2022,18:57:15
3429,25 Feb 2022,22:22:46
3430,25 Feb 2022,21:39:47
3431,25 Feb 2022,12:08:51
3432,25 Feb 2022,01:26:53
3433,25 Feb 2022,09:42:00
3434,25 Feb 2022,23:05:32
3435,25 Feb 2022,14:32:26
3436,25 Feb 2022,17:35:12
3437,25 Feb 2022,11:49:38
3438,25 Feb 2022,06:13:59
3439,25 Feb 2022,16:55:08
3440,25 Feb 2022,20:16:37
3441,25 Feb 2022,14:13:23
3442,25 Feb 2022,07:35:43
3443,25 Feb 2022,03:50:49
3444,25 Feb 2022,00:23:46
3445,25 Feb 2022,23:47:29
3446,25 Feb 2022,10:04:13
3447,25 Feb 2022,06:34:04
3448,25 Feb 2022,23:26:39
3449,25 Feb 2022,19:56:58
3450,25 Feb 2022,13:33:14
3451,25 Feb 2022,02:09:09
3452,25 Feb 2022,11:26:41
3453,25 Feb 2022,08:19:31
3454,25 Feb 2022,17:14:51
3455,25 Feb 2022,20:37:09
3456,26 Feb 2022,12:58:12
3457,26 Feb 2022,01:48:47
3458,26 Feb 2022,09:01:53
3459,26 Feb 2022,17:32:37
3460,26 Feb 2022,13:20:23
3461,26 Feb 2022,08:38:50
3462,26 Feb 2022,03:30:47
3463,26 Feb 2022,11:32:37
3464,26 Feb 2022,03:11:33
3465,26 Feb 2022,07:14:58
3466,26 Feb 2022,02:08:24
3467,26 Feb 2022,05:52:44
3468,26 Feb 2022,13:40:34
3469,26 Feb 2022,04:31:52
3470,26 Feb 2022,09:24:01
3471,26 Feb 2022,00:47:36
3472,26 Feb 2022,05:11:57
3473,26 Feb 2022,09:44:05
3474,26 Feb 2022,01:08:30
3475,26 Feb 2022,11:11:06
3476,26 Feb 2022,02:49:38
3477,26 Feb 2022,16:04:25
3478,26 Feb 2022,10:50:48
3479,26 Feb 2022,06:33:03
3480,26 Feb 2022,01:28:50
3481,26 Feb 2022,17:13:38
3482,26 Feb 2022,06:55:02
3483,26 Feb 2022,14:44:58
3484,26 Feb 2022,12:01:40
3485,26 Feb 2022,07:56:23
3486,26 Feb 2022,04:10:48
3487,26 Feb 2022,00:27:20
3488,26 Feb 2022,16:31:16
3489,26 Feb 2022,02:28:57
3490,26 Feb 2022,14:22:55
3491,26 Feb 2022,12:23:21
3492,26 Feb 2022,06:12:51
3493,26 Feb 2022,10:04:55
3494,26 Feb 2022,15:07:41
3495,26 Feb 2022,14:01:18
3496,26 Feb 2022,07:37:25
3497,27 Feb 2022,20:24:35
3498,27 Feb 2022,22:50:13
3499,27 Feb 2022,08:25:59
3500,27 Feb 2022,16:59:51
3501,27 Feb 2022,14:29:11
3502,27 Feb 2022,11:14:51
3503,27 Feb 2022,13:20:12
3504,27 Feb 2022,19:44:28
3505,27 Feb 2022,09:48:47
3506,27 Feb 2022,23:09:25
3507,27 Feb 2022,20:05:46
3508,27 Feb 2022,08:45:47
3509,27 Feb 2022,12:36:10
3510,27 Feb 2022,15:55:56
3511,27 Feb 2022,18:44:28
3512,27 Feb 2022,09:29:18
3513,27 Feb 2022,20:45:10
3514,27 Feb 2022,17:45:26
3515,27 Feb 2022,14:49:22
3516,27 Feb 2022,10:09:49
3517,27 Feb 2022,15:31:29
3518,27 Feb 2022,10:53:41
3519,27 Feb 2022,23:30:47
3520,27 Feb 2022,16:18:00
3521,27 Feb 2022,22:30:15
3522,27 Feb 2022,19:24:36
3523,27 Feb 2022,21:24:51
3524,27 Feb 2022,07:26:08
3525,27 Feb 2022,11:56:32
3526,27 Feb 2022,18:25:14
3527,27 Feb 2022,15:10:02
3528,27 Feb 2022,16:37:41
3529,27 Feb 2022,11:34:46
3530,27 Feb 2022,17:22:46
3531,27 Feb 2022,13:43:11
3532,27 Feb 2022,08:05:36
3533,27 Feb 2022,12:56:02
3534,27 Feb 2022,21:47:21
3535,27 Feb 2022,19:04:27
3536,27 Feb 2022,22:08:40
3537,27 Feb 2022,09:05:44
3538,27 Feb 2022,12:15:23
3539,27 Feb 2022,10:29:49
3540,27 Feb 2022,07:45:41
3541,27 Feb 2022,18:05:07
3542,27 Feb 2022,21:05:11
3543,28 Feb 2022,23:07:15
3544,28 Feb 2022,04:20:37
3545,28 Feb 2022,21:19:30
3546,28 Feb 2022,09:34:21
3547,28 Feb 2022,12:21:32
3548,28 Feb 2022,15:49:23
3549,28 Feb 2022,11:00:34
3550,28 Feb 2022,04:00:39
3551,28 Feb 2022,07:53:38
3552,28 Feb 2022,15:27:30
3553,28 Feb 2022,18:57:37
3554,28 Feb 2022,22:25:43
3555,28 Feb 2022,13:22:40
3556,28 Feb 2022,10:16:23
3557,28 Feb 2022,06:07:18
3558,28 Feb 2022,20:58:52
3559,28 Feb 2022,12:41:24
3560,28 Feb 2022,18:17:34
3561,28 Feb 2022,21:39:55
3562,28 Feb 2022,19:59:33
3563,28 Feb 2022,16:51:19
3564,28 Feb 2022,13:44:08
3565,28 Feb 2022,07:11:13
3566,28 Feb 2022,14:45:51
3567,28 Feb 2022,09:13:50
3568,28 Feb 2022,02:14:47
3569,28 Feb 2022,22:44:37
3570,28 Feb 2022,20:18:49
3571,28 Feb 2022,17:13:07
3572,28 Feb 2022,05:03:10
3573,28 Feb 2022,00:54:26
3574,28 Feb 2022,07:33:31
3575,28 Feb 2022,00:34:09
3576,28 Feb 2022,14:03:51
3577,28 Feb 2022,10:37:46
3578,28 Feb 2022,20:39:22
3579,28 Feb 2022,17:34:47
3580,28 Feb 2022,11:20:30
3581,28 Feb 2022,08:13:50
3582,28 Feb 2022,05:44:38
3583,28 Feb 2022,02:35:52
3584,28 Feb 2022,23:29:13
3585,28 Feb 2022,02:58:13
3586,28 Feb 2022,16:30:09
3587,28 Feb 2022,17:55:45
3588,28 Feb 2022,15:06:56
3589,28 Feb 2022,11:39:47
3590,28 Feb 2022,05:23:40
3591,28 Feb 2022,01:55:17
3592,28 Feb 2022,23:50:27
3593,28 Feb 2022,04:40:48
3594,28 Feb 2022,01:13:27
3595,28 Feb 2022,13:01:53
3596,28 Feb 2022,08:34:19
3597,28 Feb 2022,19:19:21
3598,28 Feb 2022,06:49:15
3599,28 Feb 2022,01:35:05
3600,28 Feb 2022,11:59:33
3601,28 Feb 2022,19:38:35
3602,28 Feb 2022,22:01:52
3603,28 Feb 2022,08:54:15
3604,28 Feb 2022,06:26:48
3605,28 Feb 2022,03:21:12
3606,28 Feb 2022,18:38:23
